TiNiO3_mp-698587,1.7081999999999997
CrBiO3_mp-23456,1.2936999999999994
MgCrO3_mp-1346485,0.22929999999999984
DyBO3_mp-10792,5.0107
CdSO3_mp-18634,3.0449
SmLuO3_mp-1101371,4.7782
CaHoO3_mp-1183539,0.0
AcFeO3_mp-861502,0.9887999999999995
NpBeO3_mp-973930,0.0
UTiO3_mp-1187736,0.0
HfBeO3_mp-1184563,1.0495
LaCoO3_mp-19051,1.0014000000000003
CeGaO3_mp-22540,0.0
SiBiO3_mp-972827,0.0
TmTiO3_mp-755525,0.0
MnNiO3_mp-1180705,0.0
YWO3_mp-1402304,0.0
TbScO3_mp-31119,4.4378
KClO3_mp-550506,5.3358
LaCuO3_mp-3474,0.0
CsRuO3_mp-1183971,0.0
CaTiO3_mp-754701,3.3276000000000003
VCrO3_mp-1370790,0.0
MnTeO3_mp-1210642,0.36209999999999987
LuGaO3_mp-768505,2.8827999999999996
BeZnO3_mp-984552,0.0
TiFeO3_mp-20073,1.4865000000000004
LuBiO3_mp-1176501,3.1586000000000003
PuTiO3_mp-1186812,0.0
MnSnO3_mp-691106,0.22940000000000005
NaBrO3_mp-608595,0.08079999999999998
FeBiO3_mp-555351,0.0
NdAlO3_mp-14254,2.863600000000001
MgCO3_mp-5348,4.9603
MgFeO3_mp-754508,0.02660000000000018
MnZnO3_mp-772528,0.1149
TmBO3_mp-17620,2.3645
MgUO3_mp-1185614,0.0
DyPaO3_mp-1183790,0.0
MnCO3_mp-690525,3.4490000000000003
NdBeO3_mp-975579,0.0
PrHfO3_mp-1186747,0.0
LaNiO3_mp-1278441,0.0
MnAlO3_mp-774250,1.2511
AlSbO3_mp-1371447,0.32459999999999933
TiFeO3_mp-1277107,2.2487000000000004
LaMnO3_mp-1273223,0.0
RbBrO3_mp-28872,3.9953
MnCoO3_mp-1181286,0.0
SrTeO3_mp-662523,3.1740000000000004
PrTiO3_mp-753948,0.0
SmAlO3_mp-1187025,4.0771
MgSnO3_mp-1016820,0.8352999999999993
RbTaO3_mp-858693,0.0
EuLuO3_mp-1184309,0.0
CaNbO3_mp-4957,0.0
MgSiO3_mp-642210,4.2049
YTiO3_mp-1436662,0.0
TmVO3_mp-755258,0.0
ThMoO3_mp-1187460,0.0
BeAgO3_mp-1183417,0.0
CaZnO3_mp-1183540,0.0
MgBO3_mp-1199652,0.18879999999999997
NdFeO3_mp-20407,1.0842
RbRhO3_mp-1186897,0.0
PaOsO3_mp-1186404,0.0
NaClO3_mp-23330,5.6331999999999995
TmBeO3_mp-972395,0.0
LiFeO3_mp-760833,0.0
CsBiO3_mp-983578,0.0
KAcO3_mp-1185008,0.0
AlCoO3_mp-754022,0.8939000000000004
TiZnO3_mp-1016927,0.0
MnCdO3_mp-1016854,0.0
KPaO3_mp-1206970,3.0477
SrIrO3_mp-1016848,0.0
MnBiO3_mp-1194603,1.9010999999999996
ScFeO3_mp-754342,0.0
RbSrO3_mp-975200,0.0
MgRuO3_mp-1016829,0.0
LiTaO3_mp-3666,3.7003
TlIO3_mp-22981,2.7632999999999996
LaCoO3_mp-1277476,0.0
SrPdO3_mp-1187190,0.0
CdBO3_mp-1183631,0.0
ThPdO3_mp-1187442,0.0
AgNO3_mp-552185,1.8539
HoMnO3_mp-1181443,1.0638
LuAlO3_mp-1185485,3.1252000000000004
BaPtO3_mp-1214788,0.4158999999999997
KCO3_mp-1105868,0.09640000000000004
SrSnO3_mp-12866,1.6118000000000001
GaBiO3_mp-755568,3.0525
ScFeO3_mp-771123,1.6430000000000002
TbTiO3_mp-768409,0.0
NbHO3_mp-1372548,0.0
CaSbO3_mp-1340624,0.0
CeNiO3_mp-866095,0.0
YAlO3_mp-7964,3.4964999999999997
LaAlO3_mp-1080080,3.5192999999999994
LiUO3_mp-8007,0.44310000000000027
BaCuO3_mp-1076800,0.0
RbAsO3_mp-975425,0.0
SrTiO3_mp-5229,1.7719999999999998
MnPbO3_mp-37214,0.0
HgClO3_mp-30937,3.0660999999999996
SrZrO3_mp-613402,0.0
SrMoO3_mp-1542758,1.3088000000000006
AgAsO3_mp-558950,0.49849999999999994
BaZrO3_mp-1019544,3.1163
AlAgO3_mp-1343327,0.04809999999999981
RbSbO3_mp-975206,0.0
NaPO3_mp-648053,4.7410000000000005
VBiO3_mp-1187744,0.0
DyInO3_mp-1183823,1.5367000000000006
AlInO3_mp-1178550,2.2769999999999992
TiCdO3_mp-1016846,0.0
SmSiO3_mp-978506,0.0
AgAuO3_mp-776165,0.24230000000000018
SrTeO3_mp-1179315,3.2315000000000005
NaFeO3_mp-754915,0.0
AlSiO3_mp-1183132,0.0
AgRuO3_mp-776168,0.0
HfMgO3_mp-1016825,0.7745000000000002
LaMgO3_mp-1184964,0.0
BeInO3_mp-1183436,0.0
AlCoO3_mp-1386773,0.0
CoCO3_mp-21434,0.0
PrAlO3_mp-8218,2.8792
LaTiO3_mp-8020,0.0
LaGaO3_mp-1180739,3.2035
BaBeO3_mp-1183282,0.0
VAgO3_mp-559736,1.6282999999999999
MnSeO3_mp-1199914,3.3754
CaSbO3_mp-1377563,0.0
CdOsO3_mp-1016882,0.0
MgSiO3_mp-556940,3.8758
INO3_mp-754661,1.6497000000000002
SrWO3_mp-1186764,0.0
MgCuO3_mp-1076317,0.0
HNO3_mp-1224772,3.8657000000000004
LaRhO3_mp-5163,0.5939999999999994
TbNiO3_mp-770347,0.0
TlGaO3_mp-756909,0.2334000000000005
CuBO3_mp-1184042,0.0
LaCrO3_mp-19281,1.913800000000001
NdZrO3_mp-756246,0.05090000000000039
TiCdO3_mp-20940,2.5502999999999996
KRbO3_mp-1184957,0.0
CaCO3_mp-641635,0.006399999999999961
HfNiO3_mp-1178219,2.7983000000000002
LiRuO3_mp-1185420,0.0
LaAsO3_mp-1079050,2.6929999999999996
MgSiO3_mp-603907,5.0422
CdIrO3_mp-1016828,0.0
SrSnO3_mp-12867,1.5555000000000003
CsTbO3_mp-1185551,0.0
GaSiO3_mp-1184206,0.0
SrInO3_mp-972021,0.0
ZnGaO3_mp-971733,0.0
NaTaO3_mp-4170,2.2603
AlSbO3_mp-1384267,0.0
GaFeO3_mp-868005,2.1227000000000005
ScAlO3_mp-4471,4.591900000000001
MgSiO3_mp-4391,4.642499999999999
ZnSnO3_mp-13334,1.0809999999999995
YScO3_mp-768479,2.8464000000000005
MgSiO3_mp-1195746,4.4998000000000005
LiNbO3_mp-1196213,3.1296
VAgO3_mp-1178815,1.9488
MgReO3_mp-1185941,0.0
NpTiO3_mp-977152,0.0
SiBO3_mp-972822,0.0
PaCoO3_mp-1186400,0.0
LiUO3_mp-545712,0.41720000000000024
VCrO3_mp-770843,0.9493
RbTaO3_mp-755018,2.5106
LiHoO3_mp-973818,0.0
YMnO3_mp-19385,0.0
BiRhO3_mp-573119,0.41030000000000033
CeTiO3_mp-754524,0.0
NdBO3_mp-7238,4.6987
EuAgO3_mp-1077622,0.0
CsNbO3_mp-1096944,1.2761999999999998
MnSiO3_mp-1180212,0.3329
LaMnO3_mp-17554,0.0
PrGaO3_mp-9833,0.0
LaMnO3_mp-1180932,0.5346999999999995
MnFeO3_mp-759744,0.001700000000000479
PrFeO3_mp-22341,1.0793000000000004
SbAuO3_mp-1186920,0.0
SrCrO3_mp-761337,0.4514
MnSO3_mp-27818,3.8038999999999996
CeTaO3_mp-1183701,0.0
LaBiO3_mp-768310,3.0699999999999994
LaGaO3_mp-1078871,3.3682000000000007
SrNiO3_mp-1281591,0.0
EuZrO3_mp-1106293,0.18659999999999943
CaSiO3_mp-4853,3.5088
LaCdO3_mp-973869,0.0
CuBiO3_mp-1184051,0.0
BaVO3_mp-1017465,0.0
HfPbO3_mp-22535,2.4148999999999994
SnGeO3_mp-1187065,0.0
KLiO3_mp-1184939,0.0
SNO3_mp-734059,0.0
TbGeO3_mp-981132,0.0
SrErO3_mp-1187147,0.0
NdInO3_mp-755138,2.6533
NaNbO3_mp-4419,1.5604000000000002
ZnCuO3_mp-1100778,0.0
HgNO3_mp-1197269,0.0
SrTcO3_mp-12631,0.0
NpBO3_mp-977058,0.0
LuBO3_mp-7560,5.3023
NaNbO3_mp-4514,2.5296
KSbO3_mp-635067,0.0
LaHoO3_mp-770413,4.024699999999999
AgSbO3_mp-545999,0.13329999999999975
CoSbO3_mp-1183681,0.29549999999999965
LaHoO3_mp-756166,4.3854999999999995
CoNiO3_mp-1272234,0.7645
KZnO3_mp-1184946,0.0
HfPbO3_mp-1181854,2.3889000000000005
YCoO3_mp-1435972,0.8330000000000002
CrFeO3_mp-1245147,0.43409999999999993
KSiO3_mp-974061,0.0
TiFeO3_mp-1179354,2.5900999999999996
NbAgO3_mp-1220387,1.0242999999999998
LaMnO3_mp-1279320,0.0
MnCO3_mp-1078473,3.0808999999999997
AcSiO3_mp-1183150,0.0
ZnFeO3_mp-755535,0.0
VZnO3_mp-1378086,0.8621000000000003
BaMnO3_mp-19156,0.0
SmVO3_mp-1188225,1.5136000000000003
BaSiO3_mp-7339,4.5344999999999995
LiNbO3_mp-755559,3.2187
InFeO3_mp-21094,1.2138
TlGaO3_mp-1187481,0.0
BeCuO3_mp-1183426,0.0
EuCuO3_mp-1338333,0.0
TaTlO3_mp-676262,0.8725999999999998
KTlO3_mp-984454,0.0
CuGeO3_mp-554874,0.0
CdPbO3_mp-685257,0.0
LiIO3_mp-1080052,0.0
NiMoO3_mp-977100,0.0
MnCO3_mp-18814,3.2291
TlNiO3_mp-998845,0.0
AlFeO3_mp-1421498,0.0
KOsO3_mp-1185009,0.0
AlSbO3_mp-1421511,0.0
CuCO3_mp-1178374,0.0
AgTeO3_mp-558637,1.6662000000000003
ErNiO3_mp-18983,0.0
CaInO3_mp-1183543,0.0
YAgO3_mp-1369676,0.0009999999999998899
AlSbO3_mp-1183134,1.1346000000000007
TiCdO3_mp-1179263,1.4505
BaRhO3_mp-1016850,0.0
AlBO3_mp-8110,5.8392
ErCrO3_mp-19063,0.25710000000000033
AlAgO3_mp-1343733,0.03200000000000003
CaIrO3_mp-1016872,0.0
LaMnO3_mp-1272996,0.5975000000000001
VCuO3_mp-562987,0.8024
AgBiO3_mp-23548,0.0
VCrO3_mp-770849,1.4095000000000004
LiNO3_mp-1094130,0.0
KAgO3_mp-976229,0.0
SrFeO3_mp-510624,0.0
EuRuO3_mp-866036,0.0
SrZrO3_mp-1020622,3.1680999999999995
KCO3_mp-31302,0.09640000000000004
CaVO3_mp-1435359,0.26060000000000016
PmErO3_mp-1186557,1.6957999999999998
HoInO3_mp-768267,1.9681000000000002
SrTeO3_mp-561385,3.4130999999999996
MnAlO3_mp-1405591,0.0
CsNdO3_mp-1183922,0.0
CaCO3_mp-548403,5.7242
CeFeO3_mp-864636,0.0
BeGaO3_mp-984722,0.0
NaPuO3_mp-976952,0.0
ScSnO3_mp-981376,0.0
LiDyO3_mp-1185308,0.0
CsPbO3_mp-1185545,0.0
SbTeO3_mp-973269,0.0
BiSbO3_mp-755382,2.1066000000000003
TbGaO3_mp-1101339,3.7138
RbYO3_mp-975173,0.0
BeSiO3_mp-1183445,0.2690999999999999
MgSiO3_mp-644879,4.5951
HgAsO3_mp-30284,1.2350999999999999
ScCoO3_mp-754124,0.0
PNO3_mp-1200596,0.3045
RbHoO3_mp-975296,0.0
MgSeO3_mp-12271,4.0013
ZrBO3_mp-1188026,0.0
ZrPbO3_mp-20337,2.6727000000000003
CaHfO3_mp-754853,4.4855
HfZnO3_mp-1016819,0.0
RbSO3_mp-3404,5.0206
CrFeO3_mp-1245179,0.4255
LiFeO3_mp-756941,0.0
LaGaO3_mp-9831,0.0
RbIO3_mp-1179783,0.4079999999999999
MnPbO3_mp-510672,0.0
TmInO3_mp-1101263,2.5258999999999996
SnBO3_mp-772724,2.2845999999999997
AgBrO3_mp-1178562,2.383
SrCuO3_mp-1076711,0.0
CdCO3_mp-547864,0.0
DyTiO3_mp-779599,0.0
BaTlO3_mp-1183393,0.0
InCuO3_mp-1224030,0.0
CaRhO3_mp-1016833,0.0
CdGeO3_mp-8275,1.4099
BeOsO3_mp-1183431,0.0
TmCoO3_mp-561954,1.1885999999999997
ZnGeO3_mp-1016930,0.0
NdReO3_mp-1186326,0.0
ErAlO3_mp-1184150,3.0097000000000005
SmCoO3_mp-20016,0.0
AlBiO3_mp-775763,2.8885000000000005
TiPbO3_mp-20459,1.8129999999999997
PuCuO3_mp-2647102,0.0
MgPbO3_mp-976722,0.0
YZrO3_mp-766243,0.4270000000000005
BrNO3_mp-29526,2.208
BaFeO3_mp-19035,0.0
BaReO3_mp-1183298,0.0
BaPrO3_mp-4783,0.0
VIrO3_mp-972116,0.0
KSbO3_mp-16293,1.1212999999999997
GdAsO3_mp-753953,1.7600000000000002
MnAlO3_mp-1444809,0.0
LiBeO3_mp-982975,0.0
MgSiO3_mp-1020117,4.5412
SrSeO3_mp-555098,3.8861999999999997
MgAlO3_mp-1185841,0.0
TlCoO3_mp-755788,0.4640000000000004
SbHO3_mp-626182,1.0685
SrCeO3_mp-22428,2.1521000000000003
YGaO3_mp-17853,2.9043
CaTeO3_mp-1195263,3.5191000000000003
BAuO3_mp-1183212,0.0
TbTeO3_mp-1187377,0.0
BaGeO3_mp-1016823,0.0
BaNdO3_mp-754307,0.0
NaTcO3_mp-977176,0.0
SrIrO3_mp-1105160,0.0
VCuO3_mp-1105167,0.0
ScCuO3_mp-973068,0.0
VAgO3_mp-1100926,1.7207
KHoO3_mp-1184944,0.0
AgPO3_mp-18702,1.9166
YTiO3_mp-4355,0.0
HgRuO3_mp-1016851,0.0
HfBO3_mp-1184625,0.0
LiCaO3_mp-975333,0.0
CaIrO3_mp-20198,0.0
FeBiO3_mp-551451,1.6259000000000001
CsNaO3_mp-1183929,0.0
EuGaO3_mp-1212729,0.0
ZnAuO3_mp-971700,0.0
GaBiO3_mp-22979,1.2244000000000002
KSbO3_mp-1180714,0.0
CoBiO3_mp-545522,0.0
GePbO3_mp-554699,2.7131
MgMoO3_mp-1342607,1.4230999999999998
NaNbO3_mp-4681,2.3684000000000003
GdAlO3_mp-5223,3.2382
HfPbO3_mp-22734,2.7161
CdRuO3_mp-1016849,0.0
KIO3_mp-1180816,2.8130000000000006
YAgO3_mp-1094009,0.0
RbCrO3_mp-1076360,0.0
NaNbO3_mp-3136,1.5249
SmBO3_mp-1173486,4.6744
LiLaO3_mp-1185357,0.0
YSnO3_mp-1343054,1.9502000000000006
AlCoO3_mp-1435808,0.0
LuAlO3_mp-755574,5.742900000000001
TiVO3_mp-755657,0.0
VCrO3_mp-1376270,0.0
AsAuO3_mp-755240,0.3576999999999999
NaSbO3_mp-760994,1.9295999999999998
VHO3_mp-1178894,0.009399999999999992
GdZrO3_mp-1184599,0.0
NpSnO3_mp-1186346,0.0
PrNiO3_mp-22280,0.0
LuAlO3_mp-755358,3.6479
SnPO3_mp-726037,0.5198
RbAgO3_mp-975421,0.0
MgCoO3_mp-755711,0.16229999999999967
RbOsO3_mp-998602,0.0
VNiO3_mp-1273627,0.5110000000000001
TaFeO3_mp-1187220,0.0
BaBiO3_mp-559051,0.08000000000000007
SrPrO3_mp-20464,0.0
YAlO3_mp-3792,5.5402
CeAlO3_mp-3408,0.0
MnCO3_mp-1180142,0.37060000000000004
CsMoO3_mp-1183917,0.0
SiPdO3_mp-978490,0.0
BaCoO3_mp-1283250,1.1424000000000003
NdCrO3_mp-19062,1.904
NdFeO3_mp-601267,0.0
EuSnO3_mp-862606,0.0
VPtO3_mp-972184,0.0
YBO3_mp-1216067,4.2311
TbFeO3_mp-19853,1.3449000000000004
MgSiO3_mp-1020123,4.411099999999999
NaBiO3_mp-23054,1.0963999999999998
CsCdO3_mp-1183925,0.0
CaNiO3_mp-1368210,0.0
BaSiO3_mp-12958,3.0454
ErBO3_mp-10791,5.131399999999999
MgSiO3_mp-1020118,4.5556
NpMoO3_mp-1186334,0.0
CrCuO3_mp-1183696,0.0
BaTiO3_mp-5777,2.2929999999999997
MgSiO3_mp-1016928,2.557100000000001
BaCO3_mp-2626703,4.1754
MnPbO3_mp-1106337,0.0
TlNiO3_mp-18001,0.0
BaCrO3_mp-19271,0.0
NbAgO3_mp-12725,1.3336000000000001
TiHgO3_mp-1016842,0.0
GdInO3_mp-1212778,2.586
BaTiO3_mp-504715,0.0
AgSnO3_mp-755834,0.0
LiEuO3_mp-1185344,0.0
LiFeO3_mp-752790,0.1658
CdGeO3_mp-7588,1.301
SrZrO3_mp-3323,3.2143999999999995
CsIO3_mp-613384,0.0
GdCdO3_mp-1184471,0.0
MgSiO3_mp-1020361,4.5708
YBiO3_mp-1369528,1.6856
MnBiO3_mp-556711,0.7252999999999998
RbMoO3_mp-975292,0.0
LaFeO3_mp-22590,1.2086999999999994
GaBiO3_mp-558285,1.8794000000000004
TbCrO3_mp-756124,2.4854000000000003
InBiO3_mp-545379,0.04519999999999946
TiNiO3_mp-690546,1.8141999999999996
CeRhO3_mp-1213826,0.0
AgIO3_mp-1202188,1.8068999999999997
CaRuO3_mp-20947,0.0
BaSiO3_mp-18407,2.1249000000000002
CaSnO3_mp-546910,0.0
PaAgO3_mp-977455,0.915
CuTeO3_mp-20977,0.0
TlSiO3_mp-1187529,0.0
SrRuO3_mp-4346,0.0
CrBiO3_mp-1181841,0.02980000000000005
CsGdO3_mp-984082,0.0
LiVO3_mp-19373,3.0342000000000002
KSbO3_mp-547792,2.6808
SrCoO3_mp-1283849,0.0
HfFeO3_mp-753856,2.9099000000000004
RbWO3_mp-975138,0.0
AlCoO3_mp-1378752,0.0
LiPO3_mp-557189,5.552
SrIrO3_mp-17097,0.0
CdSnO3_mp-1016881,0.0
NbTlO3_mp-977408,0.11160000000000014
TlCuO3_mp-1187483,0.0
EuFeO3_mp-1011260,0.0
AlFeO3_mp-1259818,1.3607999999999993
KReO3_mp-973471,0.0
RbMnO3_mp-975346,0.0
SrCoO3_mp-505766,0.0
SrCoO3_mp-1273854,0.0
ErZnO3_mp-1184207,0.0
TiZnO3_mp-1078470,2.828
PbSeO3_mp-630329,3.3267999999999995
DyMnO3_mp-22103,0.41339999999999977
NaNbO3_mp-1199593,1.6316000000000002
FeBO3_mp-849295,0.2790999999999999
SrZnO3_mp-1186757,0.0
ScCrO3_mp-18961,2.4177999999999997
CsAcO3_mp-1183923,0.0
BaMnO3_mp-757501,0.0
LuSeO3_mp-768293,1.4996000000000005
RbInO3_mp-975299,0.0
LiNbO3_mp-552588,2.3058
SrAlO3_mp-978862,0.0
SrHgO3_mp-971975,0.0
TbBeO3_mp-1187310,0.0
SrTeO3_mp-647158,3.3579
GePdO3_mp-1184557,0.0
AgBO3_mp-780275,0.0
NbTlO3_mp-757636,0.7458
NbHO3_mp-626528,2.531
LaCrO3_mp-18841,1.9038999999999993
LaSmO3_mp-778450,4.243500000000001
KAuO3_mp-1184942,0.0
MgSiO3_mp-1020124,4.642100000000001
NaNO3_mp-4531,2.9451
FeNiO3_mp-1272388,0.0
AlBiO3_mp-23080,1.5859999999999994
ScBiO3_mp-1101383,2.1479
YBiO3_mp-1358047,2.0650000000000004
VSnO3_mp-1207852,0.0
AlVO3_mp-1178549,1.569
LiFeO3_mp-752521,0.0
CaBO3_mp-1189809,0.5519000000000001
GdGaO3_mp-18656,3.3962000000000003
BaCO3_mp-1227982,4.1409
CaTiO3_mp-4019,2.3053
LiNbO3_mp-685413,0.0
SnPbO3_mp-1101720,1.3568999999999996
AlAgO3_mp-1183169,0.0
AlRhO3_mp-1178547,1.7659000000000002
CaSiO3_mp-17552,4.7336
EuPtO3_mp-976258,0.0
NbTlO3_mp-1101462,0.9465000000000003
LiPmO3_mp-1185388,0.0
GdNiO3_mp-505604,0.0
DyYO3_mp-768333,3.028
TiCdO3_mp-14550,2.2387
KNbO3_mp-7375,2.2934
CaCO3_mp-3205,4.275500000000001
CsRbO3_mp-1183926,0.0
AlFeO3_mp-1254277,1.3295000000000003
CuCO3_mp-27249,0.0
ScRhO3_mp-1196890,1.1198999999999995
AlBiO3_mp-1392353,0.6410999999999998
CaTcO3_mp-998543,0.0
CdCO3_mp-654812,0.0
MgSiO3_mp-642209,1.4453000000000005
SmAlO3_mp-7405,4.861399999999999
BaThO3_mp-8037,3.2033000000000005
NaBrO3_mp-1413617,0.0
LaAlO3_mp-1080060,3.7121000000000004
CsAsO3_mp-776093,2.6306
CdGeO3_mp-1227040,0.07419999999999982
LaFeO3_mp-552676,0.8483999999999998
CuSeO3_mp-554440,0.021500000000000075
RbBeO3_mp-975394,0.0
SrMoO3_mp-1187247,0.0
AlCoO3_mp-776216,0.3481000000000005
LaErO3_mp-7538,4.4376
HIO3_mp-556216,3.0606
KMoO3_mp-1040469,0.0
EuSiO3_mp-866030,0.0
PaHgO3_mp-1186395,0.0
YSbO3_mp-1416619,0.0
LiPrO3_mp-1185404,0.0
YOsO3_mp-979436,0.0
CrBiO3_mp-559851,1.5411000000000001
BaCoO3_mp-18965,0.0
SrHfO3_mp-550908,3.6763999999999997
AgSbO3_mp-860791,0.28749999999999964
MgSbO3_mp-1342178,0.5657000000000005
ErTlO3_mp-1184219,0.0
KPO3_mp-13981,4.821199999999999
ThWO3_mp-1187448,0.0
SrTcO3_mp-1079334,0.0
MnAlO3_mp-1399724,0.0
SmRhO3_mp-3317,0.7331000000000003
HgSeO3_mp-557224,2.6045
NdFeO3_mp-1180433,1.428
TmRhO3_mp-1207705,0.9564999999999992
AlVO3_mp-1395974,0.0
SmSbO3_mp-1207179,0.0
TiCdO3_mp-5052,2.4156
YHoO3_mp-768889,3.0775
LaInO3_mp-11623,2.7507
CdGeO3_mp-2951,1.5369000000000002
NaBrO3_mp-1180213,0.0
VCdO3_mp-22649,0.42989999999999995
YScO3_mp-755165,4.1177
PrTlO3_mp-754046,0.0
EuNbO3_mp-755572,0.0
ScRhO3_mp-1188449,1.0496999999999996
TiZnO3_mp-14142,2.8939000000000004
LiIO3_mp-545343,0.0
NaOsO3_mp-1105218,0.0
NbHO3_mp-673347,0.0
BPtO3_mp-1183277,0.0
CuSeO3_mp-560049,0.0
CoBiO3_mp-1188346,0.38780000000000037
AcScO3_mp-1183152,3.3847000000000005
YCrO3_mp-18725,2.2384
UAlO3_mp-972367,0.0
TiTeO3_mp-1187488,0.0
LiSbO3_mp-752636,1.1944999999999997
AgClO3_mp-27941,2.3983
CaCrO3_mp-20772,0.40690000000000026
LaAgO3_mp-768308,0.0
SrHfO3_mp-4673,4.0897
TiMnO3_mp-19376,1.7771999999999997
CoAuO3_mp-1183686,0.0
SmCrO3_mp-1105788,2.4802000000000004
CsPaO3_mp-1183920,2.9729999999999994
NdTaO3_mp-1186324,0.0
CrFeO3_mp-1245072,0.47850000000000037
EuSbO3_mp-976284,0.0
RbDyO3_mp-975386,0.0
RbNO3_mp-5073,3.1172
KNO3_mp-5158,2.9384
NaNbO3_mp-1105765,1.865
CaWO3_mp-1431390,0.0
HoCoO3_mp-20570,0.0
SrRuO3_mp-1192792,0.007200000000000095
AgSbO3_mp-677054,0.0
SnHgO3_mp-1016837,0.0
CsSO3_mp-561681,5.1114999999999995
GdErO3_mp-766236,3.0971
TcO3F_mp-555390,2.4444999999999997
NdCrO3_mp-19269,2.2364
PdSeO3_mp-546684,0.5709000000000002
CdCoO3_mp-770662,0.0
TiCoO3_mp-1179381,2.2549
CdBiO3_mp-755478,0.7669999999999999
NaCO3_mp-727242,0.0
ErNiO3_mp-1189736,0.34040000000000026
VCrO3_mp-1373421,0.0
LaCoO3_mp-1504268,0.9398
BaSnO3_mp-1178513,0.6650999999999998
CsClO3_mp-754202,5.3706000000000005
SrCO3_mp-33746,4.2823
NdMnO3_mp-1189476,0.0
NaNbO3_mp-1189194,1.6606999999999998
TmGaO3_mp-1101269,2.4668
KSO3_mp-558546,4.995
BePbO3_mp-1183499,0.0
SrMoO3_mp-1078716,0.0
TmAlO3_mp-756281,5.7744
CdRhO3_mp-1016875,0.0
CeCdO3_mp-1213812,1.5446999999999997
AlVO3_mp-756082,0.0
BaNbO3_mp-3020,0.0
BTeO3_mp-1183194,0.0
LaAuO3_mp-28853,1.7976999999999999
TiSnO3_mp-754246,1.1086
MnCO3_mp-1180143,0.15680000000000005
NdZrO3_mp-771131,0.0
RbNaO3_mp-975274,0.0
SrSiO3_mp-1017439,2.3830999999999998
NdNpO3_mp-1186312,0.0
DyGaO3_mp-769015,2.8659
NdCoO3_mp-20031,0.7914000000000003
MnSiO3_mp-560199,2.6466
NaSeO3_mp-728664,3.0914
CoRhO3_mp-1183715,0.0
AgGeO3_mp-779664,0.0
AlSnO3_mp-1340379,2.0322000000000005
NpTaO3_mp-1186357,0.0
CoAgO3_mp-752700,0.0
NaNbO3_mp-559354,1.7302
VGaO3_mp-755580,1.4157000000000002
MnTlO3_mp-768432,0.0
LuFeO3_mp-22588,0.0
CaCeO3_mp-756365,2.3372999999999995
BeBO3_mp-1183422,0.0
RbUO3_mp-11775,0.45420000000000016
AlCrO3_mp-1251690,1.1578
EuOsO3_mp-977370,0.0
VCrO3_mp-1375284,0.0
MnBO3_mp-761288,0.0
CaCO3_mp-560265,4.9436
CeNiO3_mp-776207,0.5667
BaMnO3_mp-35078,0.49829999999999997
TiAlO3_mp-1341716,0.0
KNO3_mp-1105365,3.1418
CrFeO3_mp-1245260,0.4224000000000001
AlInO3_mp-754157,2.162
HoGaO3_mp-755416,3.6066
CsOsO3_mp-1183914,0.0
TlBrO3_mp-1179184,0.054200000000000026
SrMnO3_mp-19001,0.9027000000000003
SmCrO3_mp-19257,1.7362000000000002
BSbO3_mp-753806,3.7620000000000005
MnCO3_mp-695863,0.0
CaIrO3_mp-1079054,0.0
PrTiO3_mp-754696,0.0
MnAlO3_mp-1258775,0.9551000000000007
SrRuO3_mp-34212,0.0
UBeO3_mp-1187752,0.0
CoNiO3_mp-1178424,0.0
RbPO3_mp-9138,4.7607
KNO3_mp-672644,3.2301
PrVO3_mp-1209329,1.3015999999999996
LiNbO3_mp-1078377,3.684
AlCoO3_mp-1404938,0.051000000000000156
HfSnO3_mp-776083,2.3676000000000004
KVO3_mp-1076633,0.21860000000000035
TiFeO3_mp-19417,1.8340999999999998
DyAlO3_mp-984723,2.9483000000000006
HoInO3_mp-776984,2.5765
MnSiO3_mp-1172857,0.0
CsMgO3_mp-984756,0.0
CuAsO3_mp-1178368,0.0
MgSiO3_mp-1181528,3.0500999999999996
NaNbO3_mp-4748,1.8237999999999999
VTeO3_mp-1100777,0.0
SmFeO3_mp-1099588,0.7234999999999996
LiGeO3_mp-1185303,0.0
TaBeO3_mp-972222,0.0
CaCO3_mp-696740,1.2546000000000004
SrHfO3_mp-3378,4.1704
VHgO3_mp-1016938,0.0
NaClO3_mp-1180505,0.6226999999999999
MgFeO3_mp-1076368,0.0
SrEuO3_mp-1100775,0.0
LiTaO3_mp-1105280,2.4709
MnTlO3_mp-770870,0.0
LaNiO3_mp-19339,0.0
LuBiO3_mp-772801,2.3018000000000005
LuGaO3_mp-755792,3.6376
SrCO3_mp-3822,4.4416
NdMnO3_mp-20852,1.8980000000000001
ZrOsO3_mp-972296,0.0
GdBeO3_mp-1184468,0.0
TmNiO3_mp-1106304,0.0
LaNiO3_mp-1284950,0.35599999999999987
CdTcO3_mp-1189706,0.0
KNO3_mp-6920,2.9813
CsSO3_mp-1068320,0.4314
BaPuO3_mp-505025,0.0
PrCrO3_mp-1105822,2.0419
AlVO3_mp-802021,0.0
TiCdO3_mp-13641,2.9057000000000004
CaCO3_mp-1194399,4.9216
CaPbO3_mp-20079,0.9331999999999998
BaCO3_mp-2506699,4.4437
HoAlO3_mp-4891,5.8359
MnPO3_mp-1210723,0.0
LiSbO3_mp-4995,2.1379000000000006
KCoO3_mp-1184947,0.0
CaLaO3_mp-1183562,0.0
RbHgO3_mp-1186886,0.0
DyCrO3_mp-19381,2.2185000000000006
EuPdO3_mp-1184369,0.0
MgSiO3_mp-5026,4.6064
ZrBeO3_mp-1188011,0.6259000000000006
KCrO3_mp-1076732,0.0
SrSnO3_mp-2879,1.7365
BaCeO3_mp-4900,2.2108000000000003
NbAgO3_mp-557680,0.8148999999999997
TiNiO3_mp-850194,0.0
KVO3_mp-18815,3.0460000000000003
NaTaO3_mp-730333,0.0
MnCO3_mp-1271783,3.7996
VBiO3_mp-756282,0.9777000000000005
ReSbO3_mp-974511,0.0
MgSiO3_mp-1020125,4.5929
VCrO3_mp-803450,0.0
PdSeO3_mp-545482,1.0589
SmYO3_mp-755685,3.9474
BaZnO3_mp-1183405,0.0
FeRhO3_mp-973648,0.0
TiMnO3_mp-743867,0.96
PNO3_mp-1179877,0.2919999999999999
NaNO3_mp-1220986,2.8579
RbCaO3_mp-975382,0.0
CaYO3_mp-1183544,0.0
ScGaO3_mp-769079,3.1715
DyAlO3_mp-754936,5.1659999999999995
MgSiO3_mp-1196002,4.5845
LaAlO3_mp-2920,4.0189
BaTbO3_mp-548824,0.0
NClO3_mp-1180304,0.0
LaAgO3_mp-1076000,0.0
GaFeO3_mp-1184033,0.0
SrSbO3_mp-1187192,0.0
YBO3_mp-29205,5.1696
SrCoO3_mp-1272815,0.0
CoTeO3_mp-985545,0.0
YWO3_mp-1401965,0.0
CaRuO3_mp-1016835,0.0
AcTiO3_mp-865927,0.0
TiBO3_mp-9716,0.0
CrFeO3_mp-1245204,0.6733000000000002
PrInO3_mp-1105130,2.6335999999999995
CuTeO3_mp-558696,0.0019000000000000128
KNO3_mp-9475,3.2872
UTcO3_mp-1187783,0.0
TeHO3_mp-625654,2.0041999999999995
AlPdO3_mp-776116,0.0
GaFeO3_mp-649086,0.1724000000000001
MnSeO3_mp-1202364,3.0995999999999997
MnBiO3_mp-1105271,0.0
BaThO3_mp-1189614,4.047
SrHoO3_mp-971996,0.0
CsTlO3_mp-1185544,0.0
AcGaO3_mp-1183053,2.895900000000001
CaTiO3_mp-3442,2.2434
YSnO3_mp-1412687,0.0
InRhO3_mp-1105819,0.3221999999999996
LaAlO3_mp-780411,4.468500000000001
HoGeO3_mp-982558,0.0
CuPO3_mp-772192,1.2096
LaFeO3_mp-1078634,1.9508999999999999
NaTaO3_mp-754818,2.7138999999999998
CsTeO3_mp-1183976,0.0
ZrPbO3_mp-647557,3.2094
HfPbO3_mp-669414,3.1989
ScGaO3_mp-754165,2.3913999999999995
DyInO3_mp-768149,1.9870999999999999
MgTiO3_mp-1345923,2.3514
CdCoO3_mp-752746,0.0
NiTeO3_mp-1209810,2.5735
ThBeO3_mp-1187421,2.6967999999999996
BaLiO3_mp-1183284,0.0
ZrPbO3_mp-1068577,2.2792000000000003
BaNiO3_mp-19138,1.4691999999999998
KPO3_mp-557880,5.1472999999999995
RbBO3_mp-975385,0.0
CoBO3_mp-765572,1.0667
EuSeO3_mp-755177,0.08659999999999979
VOsO3_mp-1187750,0.0
KAsO3_mp-1105278,3.3848000000000003
TmBiO3_mp-755216,2.4417999999999997
EuUO3_mp-1213318,0.0
BaPbO3_mp-22230,0.1992999999999996
LiTaO3_mp-754345,1.9614
DyBO3_mp-753318,4.514
AlCuO3_mp-1178579,0.13490000000000002
LaAlO3_mp-768417,4.276999999999999
AgTeO3_mp-559257,1.4211
ErInO3_mp-754208,2.5532
SrMgO3_mp-1187182,0.0
BaSnO3_mp-3163,0.37239999999999984
CaGeO3_mp-17761,3.4812999999999996
TmGeO3_mp-1187655,0.0
CaTeO3_mp-561374,3.1241000000000003
YWO3_mp-1375712,0.0
BaGeO3_mp-13863,3.5519
CrBiO3_mp-546027,1.5415
NaTaO3_mp-4699,2.5313000000000003
MgSiO3_mp-657336,2.4375999999999998
HoGaO3_mp-769045,2.8722
BaFeO3_mp-1192651,0.0
CaVO3_mp-1016853,0.0
KSbO3_mp-695836,0.0
SrGeO3_mp-555731,3.0028
MgTiO3_mp-3771,3.5294999999999996
SmDyO3_mp-756452,4.5279
BeCdO3_mp-1183418,0.0
ZrZnO3_mp-1016883,0.0
HgSeO3_mp-9228,2.5571
EuBeO3_mp-1184325,0.0
AlSnO3_mp-1426094,0.0
EuPbO3_mp-1184348,0.0
NaAsO3_mp-17868,2.8628
FeCO3_mp-675126,1.4102000000000001
KNO3_mp-675625,3.0984
NaCdO3_mp-976293,0.0
BIrO3_mp-1183221,0.0
CsBaO3_mp-1183934,0.0
BeBiO3_mp-1183403,0.0
GdRhO3_mp-1184503,0.0
GdAlO3_mp-1178268,1.8884999999999996
CaMnO3_mp-19201,0.4685999999999999
LaBO3_mp-8216,4.500700000000001
CuCO3_mp-758727,0.0
ZnSnO3_mp-1016902,0.0
MnZnO3_mp-754318,1.3225000000000002
ZnSeO3_mp-5338,3.9227
PmBeO3_mp-1186533,0.0
SrTeO3_mp-1179320,3.3726
CeCrO3_mp-20530,0.0
SrRhO3_mp-1017441,0.0
LuScO3_mp-772180,2.8145000000000002
NaSeO3_mp-1197679,0.333
CaBiO3_mp-1178493,0.0
EuTiO3_mp-22246,0.0
VGeO3_mp-755199,0.01240000000000041
NaMoO3_mp-1040471,0.0
MnSnO3_mp-1181816,0.1836000000000002
CeAlO3_mp-19843,0.0
KAsO3_mp-1195114,3.1596
SrMnO3_mp-1193101,0.0
PmRuO3_mp-983513,0.0
CsNO3_mp-1196533,3.2763999999999998
BaVO3_mp-19150,0.0
ZnWO3_mp-1427680,0.0
LaAlO3_mp-5304,3.4924
LiIO3_mp-23384,3.7255000000000003
ErAlO3_mp-756458,5.803000000000001
CdIrO3_mp-2647004,0.0
PbCO3_mp-1105697,3.3642
TiCuO3_mp-1187469,0.0
RbPuO3_mp-1186888,0.0
YSbO3_mp-1389035,1.4299
AgClO3_mp-775761,2.925
LaCrO3_mp-19357,0.0
BaPbO3_mp-561598,0.0
MnSiO3_mp-5945,2.3995
NaNbO3_mp-1194823,1.7196
RbTaO3_mp-3033,3.5412
LaGaO3_mp-3336,3.3802000000000003
VCoO3_mp-1187746,0.0
ScBiO3_mp-756205,2.4137000000000004
TlFeO3_mp-505819,0.2865000000000002
PrScO3_mp-559756,4.2605
InPtO3_mp-1184773,0.0
EuFeO3_mp-1075904,0.0
NdCuO3_mp-1173386,0.12299999999999978
AlFeO3_mp-1178577,2.1792
VPbO3_mp-1070440,0.0
FeCO3_mp-18969,0.0
YFeO3_mp-1416093,0.6372999999999998
BaSiO3_mp-776076,4.6215
NdZrO3_mp-1101702,0.0
YCoO3_mp-1273178,0.34899999999999975
BaNiO3_mp-1120765,0.0
SnHgO3_mp-13554,0.0
MnBiO3_mp-1202955,0.0
CaZrO3_mp-542112,3.2122
TbInO3_mp-769263,2.5934999999999997
TlHgO3_mp-1187530,0.0
KBrO3_mp-22958,3.8569
GdBO3_mp-1194303,3.1001000000000003
FeBiO3_mp-655631,1.7818999999999998
AgCO3_mp-753176,0.0
NaVO3_mp-1099591,0.21679999999999966
LiTmO3_mp-1185236,0.0
SrSiO3_mp-1173151,0.05140000000000011
CaHfO3_mp-1016873,3.6612
NiCO3_mp-19147,0.0
AlCoO3_mp-1178576,2.5603000000000007
KIO3_mp-558843,0.0
EuGaO3_mp-1206706,0.0
LaGaO3_mp-556983,3.3965999999999994
NaBrO3_mp-23339,4.4812
SrSiO3_mp-18313,4.3766
LuReO3_mp-1185529,0.0
SmVO3_mp-20702,0.0
CdSiO3_mp-776023,2.5256
CaCO3_mp-3953,4.999499999999999
LiIO3_mp-555562,3.5575
CaCO3_mp-1079918,4.8573
LuFeO3_mp-1193395,0.0
ZnSnO3_mp-14628,1.3215
CuTeO3_mp-4320,0.0
HoErO3_mp-770415,3.0775000000000006
MgOsO3_mp-1016843,0.0
YBO3_mp-1100876,4.4
LaScO3_mp-31116,3.8973000000000004
SrVO3_mp-18717,0.0
PaBO3_mp-973877,0.0
NiSeO3_mp-572987,3.0748
ErLuO3_mp-778151,4.5249999999999995
MgSiO3_mp-557803,4.6751000000000005
AgTeO3_mp-561489,1.1676000000000002
SrGeO3_mp-554869,3.3373
CdCO3_mp-1198558,0.0
LiPO3_mp-29195,5.6512
CaTeO3_mp-17008,3.2993000000000006
MgBiO3_mp-1376863,0.0
BaPaO3_mp-8557,0.0
HoBO3_mp-1184546,2.6416000000000004
EuBO3_mp-22030,0.0
CsGeO3_mp-984051,0.0
LaBeO3_mp-981934,0.0
TmCrO3_mp-777295,2.4448
MnSeO3_mp-22224,2.8432999999999997
CaSnO3_mp-4438,2.3301
CrInO3_mp-756147,1.1706000000000003
NClO3_mp-754712,2.9429999999999996
BaSeO3_mp-6989,3.8865999999999996
MgCO3_mp-546079,5.1935
BaTiO3_mp-995191,0.0
KMgO3_mp-1184960,0.0
BaDyO3_mp-1183286,0.0
AlSnO3_mp-1406914,0.0
BaCO3_mp-676020,4.0287
SrCoO3_mp-562466,0.0
DyMnO3_mp-1188804,1.0173
LiYO3_mp-976283,0.0
MgMnO3_mp-770581,0.25970000000000004
ErCoO3_mp-562779,1.4471000000000003
SrCrO3_mp-769855,0.6795
LiErO3_mp-1185310,0.0
FeBiO3_mp-654759,1.1601
BaMnO3_mp-1016852,0.0
CeFeO3_mp-756062,0.6735999999999995
SrCrO3_mp-1325463,0.0
NiBiO3_mp-998363,0.0
AlCoO3_mp-1248478,0.0
HoTiO3_mp-755236,0.0
GdCrO3_mp-1147577,0.7847
ZnSiO3_mp-619034,3.3916999999999997
BiCO3_mp-1178485,1.4110999999999998
ZnFeO3_mp-1373518,0.0
YMnO3_mp-19227,0.03670000000000018
ZrNiO3_mp-1188025,0.0
InCuO3_mp-975443,0.0
PrBiO3_mp-976727,0.0
LaCoO3_mp-1185232,0.9729999999999999
LiNbO3_mp-3731,3.3358000000000003
AlPbO3_mp-1183154,0.0
MgMnO3_mp-770618,1.5712999999999995
MnSiO3_mp-1289249,2.6449
NaAsO3_mp-976133,0.0
MgSiO3_mp-1256030,1.0261000000000005
YNiO3_mp-19242,0.0
YFeO3_mp-1275986,0.0
TiZnO3_mp-1343137,2.2487
PuInO3_mp-1186797,0.0
CsNO3_mp-22628,3.0919
TaCuO3_mp-756050,1.3594
TlSbO3_mp-557787,2.4363
KIO3_mp-1200675,2.8533
ZrAlO3_mp-972066,0.0
LiNbO3_mp-686057,3.0381
LiCeO3_mp-973613,0.0
CuAsO3_mp-776320,0.0
CdSO3_mp-8516,3.0731
ZnWO3_mp-1340971,1.8923
RbNO3_mp-614951,3.1341
BaHfO3_mp-998552,3.5394
ErRhO3_mp-1213022,0.9642
EuNbO3_mp-1078341,0.0
CaMoO3_mp-607467,1.3335
TaInO3_mp-1187260,0.0
LiVO3_mp-754098,1.8029000000000002
BaBiO3_mp-22942,0.0
NaZnO3_mp-1186198,0.0
BaUO3_mp-35730,0.0
LaMnO3_mp-19168,0.0
LaMnO3_mp-1283081,0.6151000000000009
ZnRhO3_mp-1016880,0.0
BaTiO3_mp-2998,1.6662999999999997
TaAgO3_mp-1187189,1.7306000000000004
GdBO3_mp-561949,2.2691
CdSnO3_mp-754329,0.9762
RbNiO3_mp-975373,0.0
VHgO3_mp-29188,2.1755999999999998
ErBiO3_mp-754636,2.47
IClO3_mp-1021667,0.0
BaIrO3_mp-542897,0.0
LiSbO3_mp-770932,2.7859
SmBeO3_mp-978503,0.0
TeHO3_mp-1195796,2.2733
BaSiO3_mp-776084,4.542
BaTbO3_mp-2939,0.0
SnGeO3_mp-1101394,2.5993999999999997
TmMnO3_mp-554211,0.0
SmMnO3_mp-1075973,0.0
GdBO3_mp-29762,2.0949999999999998
KNbO3_mp-5246,2.0585
MgSiO3_mp-1182302,3.2731999999999997
KIrO3_mp-639811,0.0
NpRuO3_mp-1186329,0.0
KAlO3_mp-1184936,0.0
DyBiO3_mp-1207000,0.0
SrOsO3_mp-1105153,0.0
YBiO3_mp-1406000,2.2950000000000004
GdLuO3_mp-756424,3.1346
CrMoO3_mp-1226313,0.0
YSeO3_mp-769404,1.8121
NaAgO3_mp-1186101,0.0
DyCoO3_mp-22137,1.1923999999999997
SrCrO3_mp-752441,0.0
NdRhO3_mp-4582,0.6487000000000007
NaMgO3_mp-976775,0.0
BaCeO3_mp-5663,2.2990000000000004
EuTmO3_mp-1184353,0.0
NbHO3_mp-626536,2.5132999999999996
LiBO3_mp-1185302,0.0
BaTeO3_mp-556021,3.1676
BaTiO3_mp-644497,0.3567
MoPbO3_mp-1186106,0.0
SiGeO3_mp-769171,2.8185000000000002
GaSnO3_mp-1184243,0.0
KNbO3_mp-4342,1.4759999999999998
SrRhO3_mp-1206846,0.0
HgOsO3_mp-1016840,0.0
MgVO3_mp-1016886,0.0
NaVO3_mp-763901,2.9798
CaVO3_mp-22608,0.43389999999999995
NdSbO3_mp-1206341,0.0
LiGdO3_mp-1185401,0.0
AlFeO3_mp-1264966,1.3457999999999997
FeBiO3_mp-22949,1.7783000000000007
SrSiO3_mp-3978,4.6251
SrNbO3_mp-1173150,0.0
TlNiO3_mp-998781,0.0
LaAlO3_mp-771698,4.4777
KTmO3_mp-1184949,0.0
AlMoO3_mp-1433892,0.0
ErGaO3_mp-1184164,2.9153000000000002
CaSeO3_mp-557997,4.2602
MnHgO3_mp-1080187,0.0
ZnFeO3_mp-755099,0.0
TiAlO3_mp-774520,0.0
EuAlO3_mp-973892,0.0
CrTcO3_mp-1183695,0.0
SrBO3_mp-1189840,0.45239999999999997
DyVO3_mp-22789,1.3773
PrCrO3_mp-19353,1.8470000000000004
CaZrO3_mp-4571,3.8263000000000003
CeCuO3_mp-977389,0.0
MnSiO3_mp-1181218,1.9295
VZnO3_mp-1016931,0.0
LaBiO3_mp-755003,2.4003999999999994
VHO3_mp-627119,0.6363
KPdO3_mp-972985,0.0
NaVO3_mp-555665,3.0358
MnBO3_mp-25296,0.5716
MgSiO3_mp-1199778,4.6372
FeAsO3_mp-1184215,0.0
RbPtO3_mp-975236,0.0
CaPtO3_mp-4784,1.2953000000000001
FeSiO3_mp-1199561,0.7031000000000001
CaBiO3_mp-1378965,0.0
LuRhO3_mp-1205366,1.0887000000000002
BaTeO3_mp-5431,2.7149
TlNO3_mp-662551,0.0
VCrO3_mp-1337287,0.0
CaFeO3_mp-1272846,0.0607000000000002
RbSmO3_mp-975207,0.0
ErMnO3_mp-19217,0.0
NaVO3_mp-1101657,3.2243
TiFeO3_mp-19270,2.0521999999999996
EuTiO3_mp-1079111,0.0
PNO3_mp-726260,1.7651999999999999
PrHfO3_mp-755462,0.0
CaSnO3_mp-1182670,0.7363
SrZrO3_mp-5076,3.5667
VAgO3_mp-624691,1.6462999999999999
YSbO3_mp-1340878,0.7162000000000006
MnBO3_mp-1185996,0.0
CdTeO3_mp-28290,3.0793
LaDyO3_mp-756272,4.1534
DyRhO3_mp-1212884,0.8883000000000001
TlPO3_mp-27144,3.4595
PuMgO3_mp-1186787,0.0
BaPrO3_mp-22705,0.0
UPdO3_mp-1187714,0.6282000000000005
CsIO3_mp-28295,3.0911999999999997
SrTlO3_mp-981367,0.0
RbPO3_mp-616587,5.3646
CaSiO3_mp-561086,4.707999999999999
LiNbO3_mp-674361,2.9621
TiCdO3_mp-1101047,0.0
MnZnO3_mp-1016932,0.0
NdTiO3_mp-3119,0.0
LuNiO3_mp-1105866,0.09949999999999992
EuZrO3_mp-1178354,0.4662999999999995
CaCoO3_mp-1368304,0.0
ScVO3_mp-756546,1.1786000000000003
ThSiO3_mp-1187425,0.0
YCrO3_mp-18770,1.7679
NaBrO3_mp-1189541,4.5929
TbNiO3_mp-755865,0.0
ScMnO3_mp-1105811,1.7979999999999996
DyInO3_mp-1178360,2.6229999999999998
NaCaO3_mp-1186118,0.0
CaSeO3_mp-754140,4.1407
BaCdO3_mp-1183292,0.0
ScBiO3_mp-555769,2.8007999999999997
PuVO3_mp-1209729,0.0
TlNiO3_mp-1403003,0.0
UHgO3_mp-1187745,0.0
BaBiO3_mp-23438,0.0
CdCO3_mp-4385,2.6226000000000003
CaCO3_mp-1188902,5.0381
KAsO3_mp-1184937,0.0
HoCoO3_mp-1188609,0.16200000000000014
TiMnO3_mp-697089,0.0
LiVO3_mp-1176521,1.9941000000000002
CaPrO3_mp-756708,0.0
BaWO3_mp-1183395,0.0
PmWO3_mp-1186669,0.0
SiHgO3_mp-1016874,0.0
HoRhO3_mp-1212108,0.9605999999999995
ScSiO3_mp-1186993,0.0
ZnBO3_mp-971704,0.0
ZnCoO3_mp-753026,0.0
MgCrO3_mp-2225290,0.9534
KTiO3_mp-760376,0.0
BaPrO3_mp-6909,0.0
KTiO3_mp-1180658,0.0
KPuO3_mp-863708,0.0
InGaO3_mp-8098,1.3419999999999996
YCuO3_mp-1432347,0.0
CaTeO3_mp-1366217,2.895
TbGaO3_mp-756290,3.6355999999999997
VCrO3_mp-753988,0.9512
LiNdO3_mp-1185387,0.0
TeHO3_mp-625657,2.1801
MgVO3_mp-1370061,0.6976000000000004
RbGdO3_mp-975308,0.0
RbPdO3_mp-975255,0.0
BeAuO3_mp-1183414,0.0
CsSmO3_mp-1184022,0.0
CoSnO3_mp-761574,0.0
ErGaO3_mp-1213082,3.6630999999999996
LaNiO3_mp-1075921,0.0
KTeO3_mp-1184940,0.0
KSO3_mp-541581,4.9772
AgNO3_mp-8196,1.7204
SrCrO3_mp-781082,0.6759
NaTeO3_mp-977117,0.0
MnTlO3_mp-1311921,0.0
CuPO3_mp-772255,1.4985
HfPbO3_mp-755790,2.7562000000000006
LaZrO3_mp-1185065,0.0
HfCdO3_mp-1017446,0.0
CuSiO3_mp-16053,0.1120000000000001
KNO3_mp-676851,3.0469999999999997
BaCO3_mp-4559,4.3635
SrHfO3_mp-3721,4.0578
SiSnO3_mp-776110,2.3936
KSrO3_mp-1184959,0.0
HfThO3_mp-1184597,0.0
GdSiO3_mp-1184484,0.0
NaMoO3_mp-998627,0.0
KNbO3_mp-935811,1.4120999999999997
CaIrO3_mp-4243,0.0
CrBO3_mp-19299,0.0
AlGaO3_mp-772898,3.2132
LaCoO3_mp-573180,0.4388000000000005
KCdO3_mp-1184992,0.0
NaNbO3_mp-1199037,1.7575
MgBeO3_mp-1185692,0.0
BaPuO3_mp-7143,0.0
LaAlO3_mp-780421,4.270499999999999
HoNiO3_mp-18974,0.0
FeBiO3_mp-23501,1.6328999999999994
KBiO3_mp-676536,0.18619999999999992
SnPbO3_mp-504543,0.0
ErFeO3_mp-19935,1.5703
TePbO3_mp-555021,2.6752
NpOsO3_mp-973919,0.0
TiMnO3_mp-556925,1.5326
VCrO3_mp-770855,1.4293000000000005
CaFeO3_mp-1278982,0.0
KRuO3_mp-973958,0.0
SnPbO3_mp-978952,1.0389
LaMnO3_mp-1205375,0.0
KTbO3_mp-981313,0.0
CeScO3_mp-777413,0.0
LuVO3_mp-973486,0.0
SrZrO3_mp-557203,3.3637000000000006
KCO3_mp-1106094,0.8755999999999999
MgSO3_mp-769347,4.5502
BaBiO3_mp-644369,0.10109999999999975
NiAsO3_mp-976763,0.0
CuGeO3_mp-561216,0.0
NbBiO3_mp-1186216,0.0
BeReO3_mp-1183476,0.0
BaIrO3_mp-5660,0.0
AgPdO3_mp-776166,0.0
CaTeO3_mp-560097,3.1794000000000002
InOsO3_mp-1184799,0.0
CaFeO3_mp-19115,0.0
YMnO3_mp-20699,0.4051999999999998
VCrO3_mp-807999,0.0
VCrO3_mp-806072,0.0
CuGeO3_mp-1181557,0.0
MnAgO3_mp-754229,0.0
CuPdO3_mp-1184073,0.0
ZnGeO3_mp-8285,2.1201
PrCoO3_mp-20090,0.0
FeAgO3_mp-1184234,0.0
LiAlO3_mp-1185313,0.0
CuCO3_mp-1080068,0.0
BaAlO3_mp-1183283,0.0
ScCoO3_mp-1186980,0.7859999999999996
ErGaO3_mp-1213088,2.9001
SmCuO3_mp-772548,0.0
NaTaO3_mp-676280,3.4067
PrBO3_mp-861504,4.6526
EuMnO3_mp-20614,0.0
TiHgO3_mp-7607,1.1470000000000002
LiAsO3_mp-559767,2.9408
GdMnO3_mp-510575,0.4040999999999997
AgIO3_mp-849271,1.9765000000000001
BSbO3_mp-1183211,1.4054000000000002
EuScO3_mp-22487,0.0
NaPO3_mp-648072,4.7362
PuCrO3_mp-1209736,0.0
RbSeO3_mp-725554,0.036800000000000055
SrRuO3_mp-22390,0.0
CdSiO3_mp-1016879,0.6505999999999998
AcAlO3_mp-1183115,4.1024
ScBO3_mp-8697,4.118
CrRhO3_mp-1183719,0.0
CeAsO3_mp-1195015,0.28609999999999935
VCrO3_mp-755281,1.2770000000000001
NaClO3_mp-555726,5.7061
AlBiO3_mp-1376082,0.7618
VHO3_mp-1178874,2.0713999999999997
YSiO3_mp-1187862,0.0
TmGaO3_mp-768469,2.9219999999999997
MnNiO3_mp-19331,0.0
NiRuO3_mp-976848,0.0
SrRhO3_mp-1206840,0.0
BiPtO3_mp-1183469,0.0
RbLiO3_mp-975291,0.0
ErBeO3_mp-1184148,0.0
KAsO3_mp-1192552,3.1487999999999996
ErAlO3_mp-754184,3.5603999999999996
VCuO3_mp-504580,0.3266
KSbO3_mp-14607,1.7858999999999998
TlNO3_mp-557704,2.8691
EuCuO3_mp-1075902,0.0
SmTmO3_mp-776439,4.6315
NiBiO3_mp-998527,0.0
CsAsO3_mp-1178465,2.2116000000000002
YMnO3_mp-1434307,0.0
VCrO3_mp-1216392,1.6132999999999997
MgVO3_mp-1079330,0.0
LaGaO3_mp-1097026,3.365900000000001
ZnOsO3_mp-1016836,0.0
HoBiO3_mp-1178162,3.1343
FeBiO3_mp-548231,0.0
ScCoO3_mp-1643785,0.8961999999999994
PrPbO3_mp-1186471,0.0
SrBeO3_mp-1187143,0.0
GdTiO3_mp-510278,0.0
AcMnO3_mp-864911,0.0
AlMoO3_mp-1248370,0.7347999999999999
CdSiO3_mp-560560,2.573
MgSiO3_mp-642228,3.1742
SiPbO3_mp-978489,1.1847999999999992
VHO3_mp-625246,2.1038
AlCrO3_mp-1345463,1.8028999999999993
AlCuO3_mp-1412082,0.0
GaGeO3_mp-1183980,0.0
TbRhO3_mp-5692,0.8749000000000002
CsCaO3_mp-984240,0.0
BiBO3_mp-31250,3.0096
HgNO3_mp-542289,2.5687
SrRhO3_mp-1208626,0.0
TaSnO3_mp-8074,0.0
ZnGeO3_mp-1020631,1.3848999999999996
FeSiO3_mp-18269,1.4521999999999995
YRhO3_mp-1207629,0.8142000000000005
KSiO3_mp-1199261,0.0
RbMgO3_mp-1186884,0.0
NaNbO3_mp-558920,2.4364
CoBO3_mp-757083,0.1471
NaPO3_mp-555118,5.081
VCdO3_mp-556857,0.0
BaCaO3_mp-1183285,0.0
TlSbO3_mp-30058,2.4362000000000004
NdGaO3_mp-3196,3.4524999999999997
YFeO3_mp-20783,0.0
TiAlO3_mp-1475723,0.0
TlSbO3_mp-1179620,2.0067999999999997
SmPuO3_mp-981250,0.0
YVO3_mp-1504764,0.0
DyHoO3_mp-768145,2.8424
TcSnO3_mp-1187400,0.0
CuGeO3_mp-554624,0.44750000000000023
LaMnO3_mp-1273769,0.0
GdThO3_mp-1184491,0.0
PbSO3_mp-20507,3.6415
BaTmO3_mp-1183394,0.0
EuVO3_mp-756315,0.0
MgBO3_mp-1185693,0.25429999999999975
LaTmO3_mp-13374,4.414
AcNiO3_mp-1183139,0.0
LiBiO3_mp-29077,0.1445000000000003
DyTmO3_mp-752435,4.5264999999999995
RbOsO3_mp-1040467,0.0
MgMnO3_mp-976446,0.0
YBO3_mp-1100874,4.7951999999999995
MgRhO3_mp-1016929,0.0
LuTiO3_mp-754231,0.0
RbTmO3_mp-981550,0.0
SrNiO3_mp-1299294,0.0
ZnSnO3_mp-1337169,1.2205000000000004
MgGeO3_mp-1016827,1.0860999999999992
LiTaO3_mp-1105216,3.7436
TbCoO3_mp-19802,1.4208999999999996
TbLuO3_mp-754145,4.6811
KBiO3_mp-982040,0.0
AgGeO3_mp-759939,0.0
MgSiO3_mp-642216,5.0524
LaCuO3_mp-1076070,0.0
CaZrO3_mp-776024,3.4707
GaBO3_mp-1078259,3.8638999999999997
HoSiO3_mp-1184813,0.0
PrVO3_mp-1069346,0.0
NaPaO3_mp-865120,2.952
SrGeO3_mp-1016999,0.0
TbOsO3_mp-1187359,0.0
SbPbO3_mp-1186948,0.0
BePtO3_mp-1183451,0.0
SrAuO3_mp-1187146,0.0
VBO3_mp-18946,1.8746999999999998
TmScO3_mp-1207696,4.4531
BaClO3_mp-1182337,0.17270000000000008
KNaO3_mp-973968,0.0
YErO3_mp-755109,4.5443999999999996
HoMnO3_mp-1193069,0.4942000000000002
FePbO3_mp-973579,0.0
RbAcO3_mp-975463,0.0
ZrPbO3_mp-542903,2.7752
ZrSiO3_mp-1183043,0.0
RbNO3_mp-1219584,3.0415
HoSnO3_mp-973977,0.0
AlSbO3_mp-1374707,1.2462
SnBO3_mp-972442,0.0
KBeO3_mp-973396,0.0
AlNiO3_mp-1400395,0.0
ReClO3_mp-974724,3.5834
LaMnO3_mp-19025,0.0
RbCdO3_mp-975380,0.0
LaMnO3_mp-1180700,1.1014
EuTcO3_mp-1184447,0.0
CdGeO3_mp-13003,0.8481000000000001
KIO3_mp-552729,2.5681999999999996
YAlO3_mp-756214,4.958600000000001
BaRuO3_mp-3598,0.0
SrPuO3_mp-1207172,0.0
DySbO3_mp-1207184,0.0
CeGaO3_mp-33365,0.0
NaCoO3_mp-1186126,0.0
BaTiO3_mp-1076932,0.0
KUO3_mp-4126,0.44540000000000024
BaCO3_mp-762225,4.474
FeSiO3_mp-561362,2.9807
LaZnO3_mp-1184965,0.0
MgSiO3_mp-1180703,2.2265000000000006
AgClO3_mp-1178561,2.7117
AlNiO3_mp-1416557,0.0
SrCrO3_mp-1372100,0.0
RbErO3_mp-975361,0.0
BaCrO3_mp-540926,0.0
AlFeO3_mp-776154,2.1089
LiTcO3_mp-862870,0.0
BaCO3_mp-674478,4.1594999999999995
TePdO3_mp-979272,0.0
CoCO3_mp-1181984,1.5474
TlCoO3_mp-770614,0.1429999999999998
YBiO3_mp-768221,3.0748
RbClO3_mp-23011,5.3288
BaMnO3_mp-18840,0.8952999999999998
LiMgO3_mp-1185356,0.0
HoBiO3_mp-754300,2.4719
CaSiO3_mp-3382,3.5145999999999997
NaSiO3_mp-1186167,0.0
FeRhO3_mp-1184349,0.0
CoGeO3_mp-22136,0.0
LiIO3_mp-22994,3.6546000000000003
CoPbO3_mp-1178420,0.0
KPO3_mp-675976,0.7652000000000001
NdMgO3_mp-975521,0.0
LuScO3_mp-776593,4.5878
CaHgO3_mp-1183570,0.0
KWO3_mp-1040472,0.0
NbAgO3_mp-5537,1.7878999999999998
AlCuO3_mp-1504314,0.0
ZrPbO3_mp-755798,2.6355999999999993
RbCuO3_mp-975364,0.0
ThCuO3_mp-1187487,0.0
LaTiO3_mp-22013,0.0
YSbO3_mp-1347073,1.4667000000000003
MgSiO3_mp-5924,5.7928
FeSiO3_mp-650392,2.7187
KPO3_mp-1196581,5.056
MgSiO3_mp-1180468,0.4428000000000001
FeBiO3_mp-1181394,0.12760000000000016
LiSiO3_mp-1185414,0.0
NaInO3_mp-1186138,0.0
SbPdO3_mp-1186927,0.0
AlNiO3_mp-1333178,0.0
AlAgO3_mp-1404877,0.0
SnGeO3_mp-769144,2.0368999999999997
TiCuO3_mp-1147748,0.0
HoVO3_mp-19024,1.1970999999999998
SrHfO3_mp-4551,3.7226
LaAlO3_mp-780422,4.403700000000001
NdCoO3_mp-22599,0.0
CuPO3_mp-766856,0.8381999999999996
FeGeO3_mp-22334,1.9617
CoSeO3_mp-22616,1.8519999999999999
InSbO3_mp-1184765,0.0
ZnMoO3_mp-1379617,1.3535999999999997
AgGeO3_mp-779706,0.0
CaCoO3_mp-1399298,0.0
LuVO3_mp-755583,1.5724999999999998
HoMnO3_mp-22081,0.43510000000000026
LuGeO3_mp-1185514,0.0
CaMgO3_mp-1183532,0.0
LuGaO3_mp-755342,2.5134000000000003
SrRuO3_mp-4525,0.0
LaRuO3_mp-20472,0.0
MnGeO3_mp-643577,1.3075999999999999
LiFeO3_mp-1185320,0.0
TlPO3_mp-556932,3.6020000000000003
CaOsO3_mp-1016900,0.0
BaErO3_mp-1183291,0.0
YWO3_mp-1369924,2.2928999999999995
BaTcO3_mp-555174,0.0
MgSnO3_mp-1176491,2.5629
AlBiO3_mp-551918,2.977899999999999
MgSiO3_mp-657338,4.3843
KSiO3_mp-1198795,0.21320000000000003
SbAsO3_mp-28109,3.5098999999999996
VHO3_mp-627684,0.0
BaNdO3_mp-755877,0.0
MgSiO3_mp-3470,4.6484
LiLuO3_mp-976331,0.0
ZnBiO3_mp-1378105,0.8807999999999998
FeBiO3_mp-1069079,1.4197999999999995
TiMnO3_mp-19082,2.0048999999999997
SrPbO3_mp-20489,0.7941000000000003
KAsO3_mp-1194970,3.0119000000000002
CsVO3_mp-504651,3.1105
AlPdO3_mp-1178574,0.0
InRhO3_mp-1212207,0.0
SmCuO3_mp-1076706,0.0
DyMnO3_mp-542479,0.0
SrSnO3_mp-546973,0.9698000000000002
KFeO3_mp-1097023,0.5258
CaTiO3_mp-1205364,2.1378
YBiO3_mp-1424898,0.0
CoBO3_mp-1183397,0.0
AlCuO3_mp-776172,0.0
CeTmO3_mp-1213788,0.09479999999999933
EuGeO3_mp-865181,0.0
HoFeO3_mp-19785,1.5675
LiAcO3_mp-1185297,0.0
SmNiO3_mp-1099668,0.0
AlTlO3_mp-768539,0.7376999999999994
AlVO3_mp-1384488,0.0
NaSbO3_mp-20011,1.4696000000000002
LaCoO3_mp-561922,0.0
PuSbO3_mp-1186801,0.0
TiVO3_mp-1216763,0.0
RbAlO3_mp-975427,0.0
RbVO3_mp-1076638,0.24980000000000002
ScInO3_mp-768358,2.1982000000000004
GaNiO3_mp-1183983,0.0
HfFeO3_mp-753790,1.8282000000000003
NaOsO3_mp-998624,0.0
SrScO3_mp-1187191,0.0
ErInO3_mp-772217,1.9560000000000004
BaTbO3_mp-5735,0.0
CaSiO3_mp-5096,5.3660000000000005
GePbO3_mp-1017566,0.0
CsNbO3_mp-27556,3.319
KPbO3_mp-1184935,0.0
LaVO3_mp-19053,0.0
CuHgO3_mp-1184044,0.0
FeBiO3_mp-547069,0.0
LiNbO3_mp-675069,3.0231000000000003
MnInO3_mp-882825,0.9206999999999992
DyErO3_mp-772188,3.0896
RbCO3_mp-31271,3.8719
CeSbO3_mp-38685,0.0
PuGaO3_mp-1186662,0.0
ZnSeO3_mp-4682,3.4441999999999995
FeBO3_mp-1199904,1.5175999999999998
CeBO3_mp-20882,0.058699999999999974
YAgO3_mp-1418929,0.0
KCaO3_mp-982885,0.0
ZnCoO3_mp-758652,0.0
HoTmO3_mp-1178178,4.5366
FeBiO3_mp-1181856,1.4146
SmTiO3_mp-1099583,0.0
SrCuO3_mp-1192969,0.0
CaSnO3_mp-4190,2.9378999999999995
AlFeO3_mp-1398131,0.0
CeVO3_mp-22593,0.0
NbCuO3_mp-17272,0.9590000000000001
OsPbO3_mp-680932,0.0
MgCoO3_mp-756102,0.0
EuNiO3_mp-977412,0.0
SrIrO3_mp-1193907,0.0
SrRuO3_mp-611033,0.0
SrAgO3_mp-979294,0.0
NaNbO3_mp-1078295,3.8373999999999997
SrOsO3_mp-867195,0.0
AgPbO3_mp-1178556,0.0
AlWO3_mp-1251647,0.6213000000000006
NiSnO3_mp-754654,1.7717
VCrO3_mp-757023,1.3454999999999995
ZrHgO3_mp-1016871,0.0
LiPaO3_mp-1185263,3.1954
ZrPbO3_mp-1100803,2.6290999999999998
TaTlO3_mp-756933,0.44579999999999975
VCrO3_mp-770779,1.6806999999999999
BeSbO3_mp-1183443,0.0
FeSnO3_mp-1207083,0.0
SiAgO3_mp-1186999,0.0
ZnPbO3_mp-1078329,0.0
TiNiO3_mp-18732,0.0
CaMoO3_mp-19012,1.1315999999999997
CsPrO3_mp-1183919,0.0
CdSnO3_mp-849371,0.6903999999999999
AlAgO3_mp-1253488,0.06220000000000003
PuBO3_mp-975564,0.0
AgBiO3_mp-775774,0.0
AgGeO3_mp-891880,0.0
HgRhO3_mp-1016877,0.0
BaBiO3_mp-1182285,1.1031000000000004
BaEuO3_mp-1183310,0.0
YTiO3_mp-1443298,0.0
SrNbO3_mp-7006,0.0
ScTlO3_mp-752429,0.9279999999999995
SrGeO3_mp-17464,3.4179
ScVO3_mp-972978,0.0
GdVO3_mp-541177,0.0
RbPO3_mp-4135,5.1118999999999994
AlCuO3_mp-1253258,0.0
MgFeO3_mp-1303831,0.22949999999999982
SrBiO3_mp-29164,0.3106
LiCdO3_mp-1185203,0.0
HoMnO3_mp-19056,0.0
SrRuO3_mp-22534,0.0
EuReO3_mp-976320,0.0
TiCdO3_mp-1179551,2.7763999999999998
TiZnO3_mp-635713,3.1234
TbSiO3_mp-1187364,0.0
LaPdO3_mp-16415,0.0
SrTiO3_mp-4651,1.8487999999999998
SrMoO3_mp-18747,0.0
TiPbO3_mp-19845,1.585
CaMoO3_mp-1045305,1.0948000000000002
LiNiO3_mp-1185261,0.0
NaSbO3_mp-752755,1.7037000000000004
LuMnO3_mp-18808,0.0
NiPtO3_mp-1186112,0.0
MgIrO3_mp-1016826,0.0
EuCdO3_mp-1183878,0.0
MgSiO3_mp-530986,4.5226
CaScO3_mp-1183534,0.0
CaCO3_mp-556235,4.6975
NdVO3_mp-541129,1.0340999999999996
EuMoO3_mp-1184411,0.0
AlMoO3_mp-1373731,1.4177
NaZnO3_mp-1180211,0.0
TiGeO3_mp-780260,1.1348999999999996
CeAlO3_mp-5323,0.0
CoNiO3_mp-1279343,0.9607000000000001
LaFeO3_mp-605340,1.4671999999999996
SmInO3_mp-752437,2.6396999999999995
NaNbO3_mp-1195803,1.6547999999999998
CaSiO3_mp-560885,5.6854000000000005
MnClO3_mp-546798,2.0431
CoSiO3_mp-699575,2.6041
NiBiO3_mp-23532,0.0
NaIO3_mp-559252,3.3955999999999995
PuTlO3_mp-2647162,0.0
NiPbO3_mp-974108,0.0
LaAlO3_mp-771703,4.1704
MnSiO3_mp-532143,2.4641
AlIrO3_mp-1183133,0.0
MgSiO3_mp-3547,5.415499999999999
DyAlO3_mp-756630,5.723000000000001
NaIO3_mp-22989,3.6962
LuBO3_mp-1222450,4.5157
NaLiO3_mp-975990,0.0
SiMoO3_mp-1186997,0.0
NaRuO3_mp-977107,0.0
FeBO3_mp-19097,1.4815999999999998
CsClO3_mp-760386,5.465800000000001
ScBiO3_mp-555313,2.3960999999999997
YSnO3_mp-1394022,0.0
YVO3_mp-1402500,0.0
MgGeO3_mp-4819,2.5261
YNiO3_mp-1433326,0.0
InCoO3_mp-755167,0.0
TiNiO3_mp-675030,2.3354
CaFeO3_mp-1001571,0.0
CuCO3_mp-760595,0.0
VHO3_mp-625407,1.6339000000000001
NaIrO3_mp-1079568,0.0
MnTeO3_mp-1176417,3.0062999999999995
GaBO3_mp-1184023,0.0
HoCuO3_mp-1184736,0.0
CaCO3_mp-1197230,4.9254
KTaO3_mp-3614,2.0995
AgGeO3_mp-891854,0.0
TiCrO3_mp-755606,0.0
ReO3F_mp-573051,3.009
YFeO3_mp-1376289,1.3141
NpTcO3_mp-977184,0.0
MnAlO3_mp-1368992,0.5506000000000002
MgZnO3_mp-1185612,0.0
UTlO3_mp-865322,0.27360000000000007
BaMnO3_mp-557535,0.7427999999999999
TmScO3_mp-1187557,2.5715999999999997
VHO3_mp-625258,2.086
GdInO3_mp-1212640,1.7714000000000003
MgTlO3_mp-1185613,0.0
TmAlO3_mp-1101265,3.5534000000000003
BPbO3_mp-984554,0.0
TiSnO3_mp-1018639,1.0452000000000004
SrTaO3_mp-1186755,0.0
MgSiO3_mp-554137,3.7885999999999997
AlGaO3_mp-756686,2.6071
DySnO3_mp-1184153,0.0
LaPtO3_mp-1185084,0.0
YCoO3_mp-1387356,0.0
NaPO3_mp-864891,5.1185
ZrCoO3_mp-756665,1.4273999999999996
RbIO3_mp-27193,2.8369
NaIO3_mp-545825,0.0
EuZrO3_mp-771055,0.3877000000000006
FeSnO3_mp-1178214,1.0274999999999999
KDyO3_mp-1184954,0.0
MnBiO3_mp-1106239,0.09580000000000055
LiSmO3_mp-973136,0.0
CoTeO3_mp-19113,0.0
LuTlO3_mp-754597,0.6919000000000004
LiSbO3_mp-756951,2.7496
BaCO3_mp-675324,4.0966000000000005
MgSbO3_mp-1347225,1.9971999999999994
BaCO3_mp-545643,3.976
SmFeO3_mp-20243,1.0882
RbNbO3_mp-756063,2.8197
DyRhO3_mp-1183821,0.0
CaWO3_mp-1342410,1.9784000000000006
LaScO3_mp-1096800,2.8177000000000003
NaSrO3_mp-977112,0.0
YBiO3_mp-754152,2.4760999999999997
CoAgO3_mp-1273356,0.0
KTcO3_mp-973267,0.0
FeBiO3_mp-645159,1.5419999999999998
AgAsO3_mp-1178563,0.2921
SmNiO3_mp-22495,0.0
HgGeO3_mp-1017447,0.0
ZrMnO3_mp-754980,2.8183999999999996
ZnTeO3_mp-16819,3.4996
CaOsO3_mp-1213970,0.0
CdSnO3_mp-1182642,0.7079
NdAlO3_mp-5899,4.353999999999999
PrMnO3_mp-22564,0.057000000000000384
KBaO3_mp-973447,0.0
YScO3_mp-769007,3.1406
NaOsO3_mp-1040464,0.0
TlWO3_mp-1187621,0.0
CoSnO3_mp-752613,0.9832000000000001
SmBO3_mp-8627,5.2713
BeHgO3_mp-1183413,0.0
MoHO3_mp-1221516,0.7623
SmTiO3_mp-22416,0.0
BiMoO3_mp-1183479,0.0
TbMnO3_mp-22055,0.0
TiMnO3_mp-2234285,1.3274000000000004
HIO3_mp-23963,3.1847000000000003
CdSeO3_mp-9186,3.0904000000000007
CaSiO3_mp-1181886,3.6218000000000004
BaPtO3_mp-1183290,0.0
PuPbO3_mp-1186799,0.0
NaTaO3_mp-3858,2.6172000000000004
MnSnO3_mp-20569,0.8775999999999993
CaMnO3_mp-1188497,0.0
ErIrO3_mp-1184162,0.0
NaClO3_mp-655586,0.5132000000000001
InBiO3_mp-556892,2.7352000000000007
SiSnO3_mp-978493,0.7593999999999994
VNiO3_mp-1206033,0.0
CaCO3_mp-553939,4.718299999999999
KNO3_mp-1190109,2.8553
MgZrO3_mp-1017000,0.6316999999999999
SmTlO3_mp-754787,0.5754999999999995
NaPdO3_mp-976968,0.0
TbTmO3_mp-756762,4.568899999999999
TbAlO3_mp-4434,5.598200000000001
NiBiO3_mp-25096,0.3548
LaLuO3_mp-22220,4.452500000000001
TiCoO3_mp-19424,0.0
EuMgO3_mp-972931,0.0
CrWO3_mp-1226283,0.8863000000000001
BaRuO3_mp-1017591,0.0
ScMnO3_mp-18954,0.0
LaYO3_mp-10429,4.341600000000001
TmCrO3_mp-1187577,1.9288999999999996
NaCO3_mp-1120755,0.6623
MnSiO3_mp-647680,0.030199999999999783
CaGeO3_mp-554549,2.5120999999999998
BaMnO3_mp-1205336,1.8948
AgAuO3_mp-752678,0.0
CaRhO3_mp-1193602,0.0
TlCrO3_mp-1105306,0.43460000000000054
ScFeO3_mp-756419,1.2694
LaAlO3_mp-768518,4.4362
ZrMnO3_mp-754513,2.7067999999999994
RbSnO3_mp-1186893,0.0
AlCoO3_mp-1348445,0.0
LaMnO3_mp-1278230,0.0
BaCoO3_mp-1076782,0.0
CaCO3_mp-561412,4.9726
ZnCoO3_mp-1369159,0.0
TbMnO3_mp-1188379,0.9344999999999999
HgBrO3_mp-27994,3.2015
CaSiO3_mp-4429,4.8413
MnBO3_mp-1289597,1.3314
SrSiO3_mp-561547,4.6026
TmMnO3_mp-554270,0.3708
KPO3_mp-557985,4.9014999999999995
ZnBiO3_mp-971706,0.0
NpHgO3_mp-1186320,0.0
PaTaO3_mp-1186403,0.0
CsTaO3_mp-1185552,1.8626999999999998
CdSO3_mp-556680,3.2188
AgNO3_mp-638686,2.0088999999999997
AlVO3_mp-765647,1.1677
INO3_mp-1181075,0.0
LuAlO3_mp-756850,3.7125000000000004
ScPdO3_mp-973123,0.0
HNO3_mp-1199435,3.8973999999999998
AlWO3_mp-1400236,0.0
PPbO3_mp-1195541,0.0
TmBiO3_mp-754323,3.1128000000000005
PrRhO3_mp-4789,0.6013000000000002
PmTiO3_mp-2647018,0.0
LuSiO3_mp-973655,0.0
CdGeO3_mp-685935,1.5058
CoGeO3_mp-550220,1.5622999999999996
KIO3_mp-1080058,2.8548
ScBiO3_mp-550008,0.6896999999999993
SmFeO3_mp-1105437,0.12739999999999974
HfCoO3_mp-753534,2.4865
ZnSiO3_mp-562182,3.4379
TiVO3_mp-753428,0.0
LaFeO3_mp-1181002,1.2424
FeBiO3_mp-1193035,1.6433
NbAgO3_mp-1203481,1.7362000000000002
FeBiO3_mp-1181635,0.0
SrAsO3_mp-978851,0.0
TeHO3_mp-625630,2.1427000000000005
TeHO3_mp-625913,2.0717000000000003
ScBiO3_mp-754009,2.8385
RbVO3_mp-19031,3.0572
EuCrO3_mp-1189762,0.0
AgBO3_mp-985292,0.0
EuTmO3_mp-1178346,0.0
CsNpO3_mp-1183933,0.0
CsSbO3_mp-1185561,0.0
NaGeO3_mp-1186133,0.0
LiTaO3_mp-1105326,3.4718999999999998
LuAlO3_mp-754435,5.0767
RbBiO3_mp-975384,0.0
FeSnO3_mp-1178212,0.8620000000000001
SrNbO3_mp-10339,0.0
CaSnO3_mp-7986,1.3904999999999994
CdSeO3_mp-559203,3.4047
KRhO3_mp-975134,0.0
YInO3_mp-504607,2.0516999999999994
PmInO3_mp-1186597,1.6185
CdCoO3_mp-768578,0.13310000000000022
CdFeO3_mp-776476,0.0
PNO3_mp-1197085,0.6745000000000001
ScAsO3_mp-973156,0.0
ScGaO3_mp-754239,4.0845
NdVO3_mp-19253,0.0
CsPuO3_mp-2647156,0.0
LiPO3_mp-1202801,5.5832
YNiO3_mp-1346989,0.00649999999999995
YTmO3_mp-768353,3.1706000000000003
ThReO3_mp-1187556,0.0
InBiO3_mp-561102,2.4961
LiNO3_mp-696822,0.0
NaNbO3_mp-3671,2.3565000000000005
CaBeO3_mp-984632,0.0
SrReO3_mp-1187226,0.0
NbAgO3_mp-1205362,0.9891999999999999
TiAlO3_mp-1248327,0.0
AgSbO3_mp-540872,0.0945999999999998
NaTiO3_mp-977123,0.0
SrTiO3_mp-551830,1.7869999999999995
NaCrO3_mp-1076642,0.0
EuRhO3_mp-19801,0.0
SmMnO3_mp-22203,0.0
EuNpO3_mp-1213363,0.0
YAlO3_mp-756705,4.0582
ZrCoO3_mp-761293,0.0
YCoO3_mp-22668,0.0
CaTeO3_mp-560656,2.6673
LaMnO3_mp-1278019,0.0
MgSO3_mp-769397,4.9784
TbGdO3_mp-756224,3.0933
LuUO3_mp-973536,0.0
KBiO3_mp-863367,0.8688
KGdO3_mp-1184987,0.0
TlVO3_mp-22330,2.9763
LiOsO3_mp-1078358,0.0
MgSiO3_mp-772412,4.7719
KHfO3_mp-998227,0.0
YBO3_mp-760457,4.5981000000000005
CaSiO3_mp-5893,3.4579000000000004
CeGaO3_mp-1019598,0.0
TiCdO3_mp-22345,0.0
VNO3_mp-1178820,0.0
LaTlO3_mp-29257,0.34969999999999946
CsAuO3_mp-1185548,0.0
MnGaO3_mp-1176435,1.2823000000000002
BaRhO3_mp-7685,0.0
YTiO3_mp-1342458,0.0
NaUO3_mp-5788,0.43100000000000005
ZnSiO3_mp-1020623,3.5938
BaMoO3_mp-19322,0.0
TbHoO3_mp-755740,4.4709
KYO3_mp-1184945,0.0
MgBiO3_mp-1185847,0.0
GaFeO3_mp-861324,0.0
LuCoO3_mp-550950,0.0
AlVO3_mp-1248251,1.6791999999999998
TbNiO3_mp-1187352,0.0
TbBO3_mp-1217607,4.4297
LiVO3_mp-19440,2.6009
MgWO3_mp-1326513,2.4380000000000006
FeBiO3_mp-1182718,0.0
KClO3_mp-23022,5.4717
ZnSiO3_mp-641917,3.2839
CaTcO3_mp-998525,0.0
LiSeO3_mp-1211104,0.5306
SrCuO3_mp-29049,0.0
KIO3_mp-1223446,2.5294999999999996
MgFeO3_mp-1372708,0.0
NiPdO3_mp-1186345,0.0
EuAsO3_mp-983564,0.0
TlSbO3_mp-561465,2.1502000000000003
EuHgO3_mp-1184359,0.0
UIrO3_mp-1187781,0.0
CsTiO3_mp-1183977,0.0
MnBiO3_mp-23477,1.4751000000000003
PbSeO3_mp-20716,2.8909000000000002
BaPrO3_mp-6910,0.0
EuWO3_mp-1184400,0.0
VCdO3_mp-1016904,0.0
PuPtO3_mp-975588,0.0
TbCuO3_mp-1187321,0.0
PrRuO3_mp-20186,0.0
ErTiO3_mp-756296,0.0
TbCO3_mp-755605,3.8624
AlWO3_mp-1417649,0.0
EuInO3_mp-1212980,0.0
NaNbO3_mp-1203293,1.8049
CaSiO3_mp-5733,4.9087000000000005
CaCO3_mp-1197939,4.9563999999999995
MgGeO3_mp-3047,2.4744
VNO3_mp-1189578,0.1755
TbSmO3_mp-756118,4.456200000000001
EuCrO3_mp-754941,0.0
LaMnO3_mp-566602,1.6926
YLuO3_mp-754226,3.0704000000000002
TiFeO3_mp-19074,1.6437
RbRuO3_mp-975208,0.0
PbSO3_mp-21190,3.2251000000000003
PuNiO3_mp-1188081,0.0
TiNiO3_mp-531689,1.4963000000000006
LaVO3_mp-19350,0.0
ErVO3_mp-19205,1.5838
CePuO3_mp-1183759,0.0
LaMnO3_mp-1272373,0.5803000000000003
LiOsO3_mp-1078188,0.0
CuGeO3_mp-1202570,0.0
NaVO3_mp-19083,2.9962
LaIO3_mp-1080184,0.7893000000000008
SrTcO3_mp-1188414,0.0
MnGeO3_mp-20798,1.6731999999999996
CrFeO3_mp-1245144,0.4407000000000001
AlAuO3_mp-1183159,0.0
YMoO3_mp-1371109,0.0
MnPbO3_mp-1188613,0.0
CuPbO3_mp-1184117,0.0
ZnNiO3_mp-1378884,0.0
YSnO3_mp-1376465,0.0
BaTiO3_mp-5933,1.7260999999999997
KPO3_mp-1223439,3.3136
NdInO3_mp-1186316,1.6467999999999998
ErTaO3_mp-1184204,0.0
ZnCrO3_mp-1341277,0.0242
MgGeO3_mp-3759,3.6338999999999997
RbAuO3_mp-975405,0.0
YVO3_mp-18883,1.5639000000000003
PrCuO3_mp-1186515,0.0
ZrCrO3_mp-755055,1.3886000000000003
DyNiO3_mp-19265,0.0
LiFeO3_mp-761189,0.0
TbVO3_mp-1187389,0.0
AcCrO3_mp-866101,2.0031000000000008
CsKO3_mp-984357,0.0
AlFeO3_mp-21216,1.6518000000000006
LaSnO3_mp-1185122,0.0
RbTaO3_mp-780619,4.1149000000000004
PuIrO3_mp-975596,0.0
SrTiO3_mp-776018,1.7362000000000002
PmEuO3_mp-1186571,0.0
EuInO3_mp-1212795,0.0
MgSiO3_mp-5834,4.7002
AlVO3_mp-1183128,0.0
BaSO3_mp-768307,4.4264
MnVO3_mp-1106224,0.31570000000000054
CaSiO3_mp-3387,3.6891000000000007
GdBO3_mp-1224628,0.17430000000000012
GeTeO3_mp-1184641,0.0
BaFeO3_mp-705845,0.0
SrMnO3_mp-559975,0.0
ZnSiO3_mp-1016876,0.0
TcPbO3_mp-687205,0.0
AlNiO3_mp-1376903,0.0
BaCeO3_mp-3187,2.2207000000000003
ZnSbO3_mp-1348382,0.3548
BaTaO3_mp-754678,0.0
CaTmO3_mp-1183538,0.0
CrFeO3_mp-1078458,0.0
BaPdO3_mp-1178510,0.0
NiTeO3_mp-1209979,0.14419999999999966
NaNbO3_mp-1190015,2.2325999999999997
AcVO3_mp-1183168,0.0
MnGeO3_mp-1106201,1.1435000000000004
CaTeO3_mp-2981,2.9425
CaBiO3_mp-755893,0.6776
CeBeO3_mp-1183685,0.8093999999999992
AlCrO3_mp-1383064,0.0
BeVO3_mp-1183449,0.0
GaFeO3_mp-1184032,0.0
EuFeO3_mp-504703,0.0
NaFeO3_mp-1186134,0.0
HoLuO3_mp-770472,4.5866999999999996
ZrTlO3_mp-1183044,0.0
PaTlO3_mp-862832,2.6427000000000005
CrFeO3_mp-1244905,0.10199999999999987
VCoO3_mp-1277045,1.1513999999999998
KErO3_mp-973830,0.0
AlCoO3_mp-756947,0.8609
HoBO3_mp-780393,5.0472
SrZrO3_mp-1080575,3.4652
AlAgO3_mp-1418444,0.0
AlMoO3_mp-1389151,0.0
BaBO3_mp-1214407,0.0
TiBeO3_mp-1187465,0.0
RbTlO3_mp-975179,0.0
MnSO3_mp-560522,3.339
CoSeO3_mp-562826,0.0
AlCuO3_mp-1347317,0.0
MgSiO3_mp-4321,4.5304
SmGaO3_mp-978504,2.872
CaGeO3_mp-8130,2.0286999999999997
ZnIrO3_mp-1016926,0.0
USiO3_mp-1187767,0.0
EuHO3_mp-1078670,0.0
LiNbO3_mp-776108,2.7432
ReTeO3_mp-974505,0.0
RbGeO3_mp-1186885,0.0
BaOsO3_mp-781625,0.0
TlIO3_mp-546200,0.0
PbCO3_mp-19893,3.3293
NdLuO3_mp-1209937,4.8869
BSbO3_mp-755829,3.4785000000000004
BaClO3_mp-1182237,0.0
RbNpO3_mp-975288,0.0
NaPbO3_mp-1186153,0.0
VCrO3_mp-806062,0.0
VCoO3_mp-1206118,0.11430000000000007
LaCoO3_mp-1273989,0.0
AlNiO3_mp-1183176,0.0
RbZnO3_mp-975159,0.0
YMoO3_mp-1379411,2.2163000000000004
YTmO3_mp-753995,4.582000000000001
LuCrO3_mp-755471,2.2649000000000004
LuGaO3_mp-1185488,3.0273999999999996
LuNpO3_mp-1185498,0.04929999999999968
ScTiO3_mp-754092,0.0
YNiO3_mp-1399857,0.0
CoPbO3_mp-755569,0.0
VCrO3_mp-1101715,1.6122999999999994
InSiO3_mp-1184751,0.0
LaMnO3_mp-1281528,0.07160000000000011
NdMnO3_mp-1182197,0.0
NaBeO3_mp-976185,0.0
CsSrO3_mp-1183972,0.0
CaBO3_mp-984628,0.0
HfMnO3_mp-754657,2.6129000000000002
NbFeO3_mp-1186220,0.0
SrNdO3_mp-1101333,0.0
LiTeO3_mp-755231,1.8899
CuGeO3_mp-21344,0.0
BaZrO3_mp-3834,3.0377
CdGeO3_mp-1016903,0.10220000000000073
SrRuO3_mp-1179112,0.0
SrPtO3_mp-1187202,0.0
HoBO3_mp-752713,5.4365
MnCoO3_mp-20641,0.0
HoBiO3_mp-770830,2.7472
BaInO3_mp-1183288,0.0
TmNiO3_mp-19002,0.0
MgMoO3_mp-1185896,0.0
NpAlO3_mp-1186110,0.0
CaTiO3_mp-556003,2.1586
NaSbO3_mp-4482,2.7012
PrGaO3_mp-4535,3.3909
PrCoO3_mp-20427,0.0
CeAlO3_mp-4096,0.0
BaBiO3_mp-545783,0.0
TlBO3_mp-1187494,0.0
ReBiO3_mp-974581,0.0
SrDyO3_mp-1187145,0.0
EuInO3_mp-1184304,0.0
LuNiO3_mp-19327,0.0
SrNiO3_mp-1291939,0.0
SmCuO3_mp-770767,0.12179999999999991
CrPbO3_mp-22364,0.0
NiPbO3_mp-1078668,0.0
SrHfO3_mp-13108,3.7304999999999997
CoPbO3_mp-770488,0.0
SrCoO3_mp-550781,0.0
PaSiO3_mp-1186401,0.0
BaMnO3_mp-19267,1.7073
TlNO3_mp-5915,2.7866999999999997
CuGeO3_mp-1181636,0.20409999999999995
VSiO3_mp-754608,0.0
LiVO3_mp-763200,1.5689000000000002
BaPbO3_mp-20461,0.19340000000000002
NaNiO3_mp-1186154,0.0
RbNO3_mp-38220,3.0358
MgCoO3_mp-761524,0.0
FeBO3_mp-1274711,0.6726999999999999
CaIrO3_mp-555735,0.0
UBO3_mp-1187784,0.0
LaMnO3_mp-1278738,0.0
SrTeO3_mp-667421,3.4208000000000003
EuIrO3_mp-1184445,0.0
AlInO3_mp-1183160,0.0
PrBeO3_mp-1186742,0.0
MgSiO3_mp-1020115,4.535
ScAgO3_mp-776150,0.36119999999999997
CsPO3_mp-1213226,5.422300000000001
CaRhO3_mp-1078659,0.0
CoAgO3_mp-753992,0.0
KPtO3_mp-974842,0.0
BaCeO3_mp-3316,2.2112
CaGeO3_mp-1016884,0.5017000000000005
TaTlO3_mp-861873,0.6811000000000007
BaCrO3_mp-557081,0.0
RbPO3_mp-548658,4.281
SrCO3_mp-38035,4.6569
HgIrO3_mp-1016831,0.0
CaMnO3_mp-1017467,0.0
CaRhO3_mp-1181917,0.0
LiNbO3_mp-676694,2.9835000000000003
ZrTiO3_mp-1183045,0.0
TaAgO3_mp-9890,1.6614999999999998
CsClO3_mp-779389,5.377
LaAlO3_mp-1182592,0.0
LiMnO3_mp-1120793,0.0
BaClO3_mp-1080782,0.0
CaCuO3_mp-1099873,0.0
HgSeO3_mp-10798,1.9987000000000001
LuMnO3_mp-21125,0.44819999999999993
KNO3_mp-36903,2.9764999999999997
ZrBeO3_mp-1239170,0.0
SrZrO3_mp-1068742,3.6169
EuCoO3_mp-1075975,0.0
NiSeO3_mp-20460,0.0
VNO3_mp-1189181,0.0
KNpO3_mp-1185015,0.0
SmHoO3_mp-755717,4.5947
LiIO3_mp-1180548,2.5038
SrSeO3_mp-3395,3.7027
CeVO3_mp-18769,0.0
TmBO3_mp-760484,4.254
TeHO3_mp-625856,2.0059000000000005
TmGaO3_mp-754578,3.6067
KNO3_mp-1020193,2.8988
TmTlO3_mp-1101279,0.7359999999999998
EuHfO3_mp-753781,0.4795999999999996
LaMnO3_mp-645158,0.6482999999999999
TiAlO3_mp-1405134,0.0
MnAlO3_mp-1260288,0.0
CsUO3_mp-865424,0.4571000000000005
BaCO3_mp-34195,4.354299999999999
MnFeO3_mp-674482,0.5864000000000003
KInO3_mp-974734,0.0
BaGeO3_mp-676865,1.4290000000000003
CaCoO3_mp-1099934,0.0
YTmO3_mp-766256,3.9237
CoSnO3_mp-1183692,0.0
InBO3_mp-7027,2.6556
KMnO3_mp-1184948,0.0
MgCO3_mp-2647164,4.8023
KZrO3_mp-1184950,0.0
RbNbO3_mp-3283,3.3093
CdFeO3_mp-1290304,0.0
TiCrO3_mp-756083,0.0
DySeO3_mp-769393,1.7860999999999998
ScTiO3_mp-1101375,0.0
GaTeO3_mp-1184220,0.0
LuPdO3_mp-1185490,0.0
YCuO3_mp-1340758,0.0
NaNbO3_mp-1977728,1.6644
NdBO3_mp-13514,5.0694
CaSiO3_mp-649676,2.9075
SrZrO3_mp-3626,3.4160000000000004
NdGaO3_mp-9834,0.0
MnSiO3_mp-1180172,1.1731000000000003
EuVO3_mp-1178351,0.0
BaAuO3_mp-1183287,0.0
HoScO3_mp-31121,4.476
YAgO3_mp-1369873,0.007200000000000095
EuCO3_mp-554518,0.42929999999999957
CaSiO3_mp-4356,3.5298999999999996
TaHO3_mp-33753,2.7443
TmFeO3_mp-20651,1.37
SrCrO3_mp-755321,0.0
SrRuO3_mp-1079352,0.0
RbTaO3_mp-1076534,2.0023999999999997
EuBO3_mp-1225223,0.0
MnInO3_mp-1193780,0.8029999999999999
CeCrO3_mp-780712,0.0
CuCO3_mp-760536,0.0
FeBiO3_mp-1181670,0.7019000000000002
TlNiO3_mp-1178989,0.0965000000000007
NdBiO3_mp-974740,0.0
CeMnO3_mp-1183706,0.0
GePbO3_mp-553898,2.6118999999999994
EuNiO3_mp-20718,0.0
MnTlO3_mp-753819,0.0
LuBO3_mp-760461,4.2791
CsAsO3_mp-1183911,0.0
CsThO3_mp-1183997,0.0
NaSbO3_mp-22212,1.2740000000000005
YCoO3_mp-1330514,0.007299999999999862
BPdO3_mp-1183242,0.0
TePbO3_mp-543039,2.9417999999999997
KBiO3_mp-29799,0.49140000000000006
KLuO3_mp-1184941,0.0
LiAsO3_mp-9657,3.3857999999999997
SrNiO3_mp-752649,0.0
BaInO3_mp-1227991,0.0
YCoO3_mp-1288734,0.1607000000000003
RbReO3_mp-975216,0.0
DyGaO3_mp-755612,3.6351000000000004
NpSiO3_mp-1186349,0.0
YVO3_mp-1375509,1.1014
FeSiO3_mp-21939,2.7758
YMoO3_mp-1445377,0.0
HoCrO3_mp-756834,2.2161999999999997
CsBrO3_mp-28873,4.1681
ErScO3_mp-1212985,4.4171
ErBO3_mp-760405,4.563000000000001
YLuO3_mp-1101170,4.7425999999999995
SrHfO3_mp-13109,4.015599999999999
SbHO3_mp-626218,1.4139000000000002
LuRhO3_mp-973681,0.0
BePdO3_mp-1183447,0.0
VCrO3_mp-770778,1.3901000000000003
SmGeO3_mp-978926,0.0
LiIO3_mp-22955,3.6860999999999997
TlBrO3_mp-29798,3.5098000000000003
BaNpO3_mp-8558,0.0
PbAuO3_mp-982245,0.0
CaTeO3_mp-1228456,3.1072
TmFeO3_mp-558400,0.0
MnInO3_mp-550807,0.0
DyBO3_mp-12315,5.3594
EuAlO3_mp-21455,0.0
NiBiO3_mp-1105718,0.0
FeNiO3_mp-768499,0.3841999999999999
MgHgO3_mp-1185882,0.0
RbFeO3_mp-975322,0.0
TbErO3_mp-756048,4.5065
NClO3_mp-1070665,0.0
NaNO3_mp-1173585,2.7742
RbBaO3_mp-975387,0.0
SrZrO3_mp-4387,3.735
NaTaO3_mp-4675,2.2798000000000003
AgPO3_mp-775762,2.3488
CaCO3_mp-4626,4.1871
SrNiO3_mp-1101421,0.0
YCrO3_mp-1387900,0.0
TlNiO3_mp-1097917,0.0
NaClO3_mp-630949,0.0
BaTiO3_mp-19990,0.0
YZrO3_mp-1215965,0.5552000000000001
SrNiO3_mp-762506,0.0
LaMnO3_mp-19157,0.0
SrTeO3_mp-972117,3.3613000000000004
EuCoO3_mp-1212757,0.0
AlWO3_mp-1046804,0.8598999999999997
ZnCO3_mp-9812,3.5639
HfNpO3_mp-1184669,0.0
MnTlO3_mp-768374,0.0
CrFeO3_mp-1244876,0.7842
RbNO3_mp-13658,3.1172
PrAlO3_mp-3466,4.1325
GeBO3_mp-973738,0.0
NdScO3_mp-31117,4.3025
BaPbO3_mp-21280,0.0
CrGeO3_mp-1183712,0.0
TiPbO3_mp-1106215,2.316
VPbO3_mp-20032,1.3715000000000002
FeSO3_mp-540655,2.7701
PaBeO3_mp-1186392,0.0
TmSeO3_mp-768396,1.6738000000000004
AcMgO3_mp-1183142,0.0
SmCoO3_mp-22549,0.8039000000000005
NaPO3_mp-558192,5.281
TlClO3_mp-29738,4.3481
SrCaO3_mp-978842,0.0
UReO3_mp-1187779,0.0
ZnSiO3_mp-1178612,3.5717999999999996
BaTbO3_mp-20129,0.0
SiPbO3_mp-21723,3.1053
BaSiO3_mp-1016821,0.9473000000000003
NaNbO3_mp-1198142,1.7321
RbPO3_mp-1179733,0.0949
KPO3_mp-5039,5.0422
EuErO3_mp-1183905,0.0
SmBO3_mp-760477,4.1438
BOsO3_mp-984553,0.0
LiReO3_mp-8189,0.0
SrCO3_mp-1218370,4.5332
MgTiO3_mp-1016830,1.9097999999999997
AgNO3_mp-669466,2.1176
HfHgO3_mp-1016841,0.0
AgAsO3_mp-775767,0.5616999999999999
LaMnO3_mp-557795,1.4409
CuSeO3_mp-22688,0.2102000000000004
MgSiO3_mp-603930,4.5794
DyScO3_mp-31120,4.4597999999999995
CaTcO3_mp-1188853,0.0
BaRuO3_mp-5773,0.0
PrLuO3_mp-21872,4.8757
BeGeO3_mp-1183415,0.0
BaBiO3_mp-23482,0.0
ErBiO3_mp-754943,3.1136000000000004
MgFeO3_mp-752416,0.1025999999999998
CaCO3_mp-2717324,4.9875
AlCrO3_mp-1385937,0.0
CaGeO3_mp-776086,3.3911
LiNO3_mp-8180,2.7310000000000003
CsEuO3_mp-1185550,0.0
NaNbO3_mp-1188528,2.3501
CaBiO3_mp-867749,0.08040000000000003
NdGeO3_mp-975347,0.0
ZrCdO3_mp-1016845,0.0
SrMnO3_mp-1218206,0.9515000000000002
PrNbO3_mp-975913,0.0
SmAgO3_mp-1075933,0.0
MgSO3_mp-769322,4.665800000000001
BaMnO3_mp-675227,0.8679000000000001
AlSnO3_mp-1248301,0.0
HfCrO3_mp-756322,1.5871000000000004
BaTbO3_mp-1182811,0.0
GdCoO3_mp-20951,0.0
BaBiO3_mp-1227955,0.0
NaPO3_mp-4734,5.1577
CsIrO3_mp-984356,0.0
KIO3_mp-23487,0.0
YMoO3_mp-1503976,0.0
LaCoO3_mp-510611,0.0
GdCuO3_mp-1184481,0.0
LaBO3_mp-7492,4.002199999999999
LiBrO3_mp-1197831,0.0
HoBO3_mp-753056,4.5465
ErBO3_mp-1194043,5.6534
NdNiO3_mp-22106,0.0
SrLiO3_mp-1187183,0.0
CsLaO3_mp-1183918,0.0
RbNbO3_mp-1075911,1.3563000000000003
TbVO3_mp-554811,1.4395999999999995
NbAgO3_mp-2349989,0.9227999999999998
CsPO3_mp-1213232,5.0865
BaTiO3_mp-5020,2.5086999999999997
MgWO3_mp-1413707,1.0761000000000003
AlBiO3_mp-1344602,0.9480000000000004
LiNbO3_mp-760701,3.3905
LaGaO3_mp-5837,3.3483
AcBO3_mp-1183052,0.8071000000000002
BaNiO3_mp-19241,1.5157000000000003
HoBeO3_mp-1184610,0.0
NaWO3_mp-19328,0.0
MgGeO3_mp-4575,2.9034000000000004
VCrO3_mp-1374293,0.25849999999999973
SiBO3_mp-972839,0.0
VCrO3_mp-754036,1.3624
CoMoO3_mp-1183772,0.0
HoBO3_mp-754409,5.089799999999999
NaAlO3_mp-1186097,0.0
SrTmO3_mp-1186758,0.0
ErMnO3_mp-19319,0.2488999999999999
HgTeO3_mp-28318,2.2362
InAsO3_mp-1184913,0.0
CsSnO3_mp-984745,0.0
SrMnO3_mp-1017466,0.0
KScO3_mp-973960,0.0
GdTmO3_mp-756030,3.1590000000000003
YCuO3_mp-1333124,0.005599999999999827
NaClO3_mp-1180278,1.2021999999999997
RbTeO3_mp-975190,0.0
MgVO3_mp-27186,2.4779999999999998
YCrO3_mp-1336975,1.3989000000000003
BaTbO3_mp-2929,0.0
BaCO3_mp-5504,4.397399999999999
AlGaO3_mp-772187,3.1117000000000004
BaIrO3_mp-4307,0.0
LaCoO3_mp-1272753,0.6738999999999997
CaBO3_mp-1084760,0.3587
LiUO3_mp-1181180,0.39139999999999997
EuAuO3_mp-1184383,0.0
CaNiO3_mp-754103,1.2293000000000003
LaCoO3_mp-1288145,0.9497
DyCuO3_mp-1183771,0.0
ThBO3_mp-1187416,0.0
BaTiO3_mp-5986,1.7279999999999998
NClO3_mp-1180300,2.0014
CaSiO3_mp-4428,4.733700000000001
HfCdO3_mp-1212404,2.3244
BaRuO3_mp-3597,0.0
BaPbO3_mp-20991,0.02729999999999988
CeLuO3_mp-1213810,0.11220000000000052
RuPbO3_mp-974337,0.0
CaTcO3_mp-998432,0.0
RbTbO3_mp-980058,0.0
InRhO3_mp-1203220,1.0391000000000004
AcCuO3_mp-864606,0.0
GdScO3_mp-5690,3.1418000000000004
AlSbO3_mp-1261047,3.9107000000000003
BaTiO3_mp-558125,2.0811
KClO3_mp-556084,5.5725
AlBiO3_mp-1413511,0.0
MnCuO3_mp-1176440,0.0
BaScO3_mp-1183289,0.0
GdCrO3_mp-18331,2.1708
LaAlO3_mp-696871,3.378000000000001
DyFeO3_mp-22283,0.9134000000000002
TbErO3_mp-1187342,1.7284000000000002
NbHO3_mp-33932,2.6275999999999997
HoBO3_mp-850193,5.367
ScFeO3_mp-769734,1.3651
MnSiO3_mp-17766,2.8754999999999997
CePbO3_mp-1214439,0.7348999999999997
NiSbO3_mp-1186113,0.0
SrCrO3_mp-20029,0.0
LaTaO3_mp-1239192,0.0
TbMgO3_mp-1187347,0.0
AgClO3_mp-776199,2.9021999999999997
TlTcO3_mp-1187623,0.0
HoErO3_mp-1184778,1.4474
CdFeO3_mp-1639105,0.0
LaCoO3_mp-1181307,0.0
DyLuO3_mp-756469,4.6339999999999995
CeAsO3_mp-1078398,0.060900000000000176
LiCrO3_mp-1185311,0.2107000000000001
CuSiO3_mp-556982,0.0
CeBO3_mp-20178,0.029300000000000104
SmErO3_mp-754203,4.3339
MgInO3_mp-1185889,0.0
RbPaO3_mp-1206844,3.0009999999999994
SmScO3_mp-31118,4.366899999999999
RbNO3_mp-752446,2.9814999999999996
PrNiO3_mp-19170,0.0
PNO3_mp-1198759,0.08099999999999996
HoSbO3_mp-1207180,0.0
EuMnO3_mp-1099619,0.0
MgCoO3_mp-1076820,0.0
GdErO3_mp-1184486,0.36570000000000036
LaCoO3_mp-1180725,1.104
CeAlO3_mp-776167,0.0
GdFeO3_mp-600576,0.0
CaTiO3_mp-5827,1.8284999999999996
NaClO3_mp-2720358,5.645899999999999
CuSeO3_mp-22414,0.0
CsPdO3_mp-1183913,0.0
NaNO3_mp-674297,2.5717
SrTbO3_mp-21898,0.0
AcPdO3_mp-1183145,0.0
MgSnO3_mp-769348,2.0089999999999995
NaReO3_mp-976923,0.0
VCuO3_mp-2371810,0.9259999999999999
TlGeO3_mp-1187533,0.0
HgBiO3_mp-778408,0.0
MgVO3_mp-545348,0.0
PmMgO3_mp-1186600,0.0
ErCuO3_mp-1184157,0.0
AgIO3_mp-27384,2.4375
MnBO3_mp-1278986,0.5985999999999998
RbIrO3_mp-975284,0.0
HoRhO3_mp-1184833,0.0
TiFeO3_mp-694948,0.0
VHO3_mp-627209,0.0
CsNO3_mp-561851,3.2965
CaGeO3_mp-776074,3.2925
GeBiO3_mp-1184562,0.0
MgFeO3_mp-1279364,0.20000000000000018
TlCoO3_mp-756464,0.0
