AgBr_mp-23231,0.0
AgBr_mp-866291,0.030505370000000198
AgCl_mp-22922,0.0
AgI_mp-22894,0.0026138749999979893
AgI_mp-22919,0.09501691999999995
AgI_mp-22925,0.00240655500000031
AgI_mp-684580,0.003858525000000057
AgP2_mp-8200,0.0009195113636373264
Al2O3_mp-1143,0.0
Al2Os_mp-7188,0.0
Al2Se3_mp-11674,0.0
Al4C3_mp-1591,0.0
AlAs_mp-2172,0.0
AlAs_mp-8881,0.007405090000000669
AlF3_mp-468,0.0
AlF3_mp-8039,0.009358996249999585
AlH3_mp-23933,0.0
AlN_mp-1330,0.17200263750000033
AlN_mp-1700,0.020749162499999585
AlN_mp-661,0.0
AlP_mp-1550,0.0
AlP_mp-8880,0.004434354999999002
AlSb_mp-1018100,0.008885222500001788
AlSb_mp-2624,0.0
As2Os_mp-2455,0.0
As2Rh_mp-15954,0.0
As2Ru_mp-766,0.0
Au2O3_mp-27253,0.0
BAs_mp-10044,0.08038976749999982
BN_mp-1639,0.07735396750000056
BP_mp-1008559,0.014076364999999313
BP_mp-1479,0.0
BSb_mp-997618,0.273972750416668
CaO_mp-2605,0.0
CaP_mp-1345,0.0
CaS_mp-1672,0.0
CaSe_mp-1008223,0.2580261349999997
CaSe_mp-1415,0.0
CaTe_mp-1519,0.0
CdF2_mp-241,0.0
CdS_mp-2469,0.0027132225000006116
CdS_mp-370,0.13340671249999936
CdS_mp-672,0.0
CdSe_mp-1070,0.0
CdSe_mp-2691,0.0005536825000014289
CdTe_mp-12779,0.002613155000002365
CdTe_mp-406,0.0
CuCl_mp-22914,0.018326194999998435
CuCl_mp-571386,0.17805015999999974
CuI_mp-22895,0.006241591249999345
CuI_mp-569346,0.008882400000000956
CuP2_mp-927,0.0
CoP2_mp-14285,0.0
Cs2As3_mp-15557,0.0
Cs2O_mp-7988,0.0
Cs2O2_mp-7896,0.0
Cs2P3_mp-14652,0.0
Cs2Pt_mp-13548,0.0
Cs2S_mp-540703,0.0
Cs2Se_mp-1011695,0.0
Cs2Se3_mp-7449,0.0
Cs2Te_mp-573763,0.0
Cs2Te3_mp-505634,0.0
Cs3Sb_mp-10378,0.0
CsAu_mp-2667,0.0
CsBr_mp-22906,0.0
CsBr_mp-571222,0.005111849999998697
CsCl_mp-22865,0.0
CsCl_mp-573697,0.007141250000000099
CsF_mp-1784,0.0
CsF_mp-8455,0.10877166999999943
CsH_mp-632319,0.016097849999999525
CsI_mp-614603,0.0
CsS_mp-29266,0.0
CsTe_mp-8361,0.0
CuBr_mp-22913,0.0
CuBr_mp-32880,0.001041819999999305
CuBr_mp-570354,0.18046763999999893
BaBr2_mp-27456,0.0
BaCl2_mp-567680,0.009529673333332767
BaCl2_mp-568662,0.0
BaF2_mp-1029,0.0
BaI2_mp-23260,0.0
BaI2_mp-568536,0.0032400819444466933
BaO_mp-1342,0.0
BaO2_mp-1105,0.0
BaP3_mp-7808,0.0
BaS_mp-1500,0.0
BaS2_mp-684,0.0
BaS3_mp-239,0.0
BaSe_mp-10680,0.20126208499999976
BaSe_mp-1253,0.0
BaSe2_mp-7547,0.0
BaSe3_mp-7548,0.0
BaTe_mp-1000,0.0
BaTe_mp-2600,0.16511731000000118
BaTe2_mp-2150,0.0
Be2C_mp-1569,0.0
BeF2_mp-15951,0.00039670611111120024
BeF2_mp-558118,0.0008229350000013014
BeO_mp-1778,0.006973667500000502
BeO_mp-1794,0.4814747275000002
BeO_mp-2542,0.0
BeS_mp-422,0.0
BeSe_mp-1541,0.0
BeTe_mp-252,0.0
Ca2Ge_mp-304,0.0017492858333341132
Ca2Si_mp-1009733,0.0
Ca2Si_mp-2517,0.0010894249999999772
CaBr2_mp-22888,0.0
CaBr2_mp-571166,0.0017474066666665067
CaCl2_mp-22904,0.0018690908333329759
CaCl2_mp-23214,0.001145210833334076
CaF2_mp-2741,0.0
FeAs2_mp-2008,0.0
FeP2_mp-20027,0.0
FeS2_mp-1522,0.0
FeSe2_mp-760,0.0
Ga2O3_mp-1243,0.011431887000000529
Ga2O3_mp-886,0.0
Ga2S3_mp-32616,0.00046213099999903307
Ga2S3_mp-539,0.0
Ga2Se3_mp-1340,0.0
Ga2Te3_mp-38970,0.0
Ga2Te5_mp-2371,0.0
Ga3Os_mp-570844,0.0
GaAs_mp-2534,0.0
GaF3_mp-588,0.0
GaN_mp-2853,0.4790466025000004
GaN_mp-804,0.0
GaN_mp-830,0.0067312375000003755
GaP_mp-2490,0.0
GaP_mp-8882,0.008458759999999899
GeC_mp-1002164,0.43837332875
GeO2_mp-223,0.07997275944444482
GeO2_mp-470,0.0
GeO2_mp-733,0.07958279611111152
HfC_mp-1002124,0.6414220250000007
HfO2_mp-776532,0.036980001666666595
HgF2_mp-8177,0.0
HgF2_mp-974603,0.05915709499999977
In2O3_mp-22323,0.02070457724999919
InF3_mp-6949,0.0
InP_mp-20351,0.0
InP_mp-966800,0.00393371500000228
InS_mp-19795,0.0
Li3N_mp-2251,0.0
Li3P_mp-736,0.0
Li3Sb_mp-2074,0.007977497500000652
Li3Sb_mp-7955,0.0
LiBr_mp-23259,0.009895712500000542
LiBr_mp-976280,0.0
LiCl_mp-22905,0.0
LiF_mp-1009009,0.2875420599999998
LiF_mp-1138,0.0
LiH_mp-23703,0.0
LiI_mp-22899,0.02873937250000047
LiI_mp-568273,0.02886215250000035
LiI_mp-570935,0.0
LiN3_mp-2659,0.0
Mg2Si_mp-1367,0.0
Mg3As2_mp-7891,0.031517473250000094
Mg3Sb2_mp-2646,0.006945308249998838
Ir2S3_mp-861979,0.000835235500002085
K2Ga3_mp-568052,0.0001027765499999056
K2O_mp-971,0.0
K2O2_mp-2672,0.0
K2P3_mp-8262,3.2265499998018754e-05
K2S_mp-1022,0.0
K2S3_mp-7667,0.0
K2Se_mp-8426,0.0
K2Se3_mp-7670,0.0
K2Te_mp-1747,0.0
K3Sb_mp-10159,0.015185716250000425
K3Sb_mp-14017,0.0
KBr_mp-23251,0.0
KBr_mp-570891,0.07306301000000026
KCl_mp-23193,0.0
KCl_mp-23289,0.07764382000000047
KF_mp-463,0.0
KF_mp-8454,0.1030206800000002
KGa3_mp-181,0.0
KH_mp-24084,0.0
KI_mp-22898,0.0
KI_mp-22901,0.0603117399999995
KN3_mp-827,0.0
KS_mp-1287,0.0
KSb2_mp-29055,0.0
KSe_mp-9268,0.0
KTe_mp-2072,0.0
La2O3_mp-1968,0.0
LaBr3_mp-23263,0.0
LaCl3_mp-22896,0.0
LaN_mp-567290,0.016427717500000938
Li2O_mp-1960,0.0
Li2O2_mp-841,0.0
Li2S_mp-1153,0.0
Li2Se_mp-2286,0.0
Li2Te_mp-2530,0.0
Li3As_mp-757,0.0
Li3Bi_mp-23222,0.0
MgF2_mp-1249,0.0
MgH2_mp-23710,0.0
MgO_mp-1009127,0.7484379049999994
MgO_mp-1009129,0.3374968549999995
MgO_mp-1265,0.0
MgP4_mp-384,0.0
MgS_mp-13032,0.034344234999999834
MgS_mp-1315,0.0
MgSe_mp-1018040,0.0
MgSe_mp-10760,0.01005978999999968
MgSe_mp-13031,0.00593989499999914
MgTe_mp-1008786,0.06860242499999991
MgTe_mp-1039,2.360250000066344e-05
MgTe_mp-13033,0.0
MnP4_mp-487,0.0008484516666671382
MoSe2_mp-1634,0.0
MoSe2_mp-7581,0.0006881933333353629
Na2O_mp-2352,0.0
Na2O2_mp-2340,0.0
Na2S_mp-648,0.0
Na2Se_mp-1266,0.0
Na2Te_mp-2784,0.0
Na3P_mp-1598,0.0
Na3Sb_mp-7956,0.0
NaBr_mp-22916,0.0
NaCl_mp-22851,0.1543888400000002
NaCl_mp-22862,0.0
NaF_mp-682,0.0
NaH_mp-1009220,0.15742719500000035
NaH_mp-23870,0.0
NaI_mp-23268,0.0
NaN3_mp-22003,0.0
NaN3_mp-570538,0.00013671249999980262
NaS_mp-2400,0.0
NaSe_mp-15668,0.0
NiP2_mp-486,0.006562992499995701
OsC_mp-1009540,0.7169758262499997
P2Ir_mp-10155,0.0
P2Os_mp-2319,0.0
P2Pd_mp-28266,0.0
P2Pt_mp-730,0.0
P2Rh_mp-15953,0.0
P2Ru_mp-1413,0.0
PbBr2_mp-862868,0.010890884166665504
PbCl2_mp-862871,0.042926025833335046
PbF2_mp-315,0.0
PbS_mp-21276,0.0
PbSe_mp-2201,0.0
PdF4_mp-13868,0.0
PtF4_mp-8943,0.0
PtO2_mp-1285,0.0
PtS_mp-288,0.0
Rb2As3_mp-15556,0.0
Rb2O_mp-1394,0.0031695866666665573
Rb2O2_mp-7895,0.0
Rb2P3_mp-2079,0.0
Rb2S_mp-8041,0.0
Rb2S3_mp-7446,0.0
Rb2Se_mp-11327,0.0
Rb2Se3_mp-7447,0.0
Rb2Te_mp-441,0.0
Rb2Te5_mp-31002,0.0
RbAu_mp-30373,0.0
RbBr_mp-22867,0.0
RbBr_mp-23303,0.03156426500000009
RbCl_mp-23295,0.0
RbCl_mp-23299,0.02977404000000128
RbF_mp-11718,0.0
RbF_mp-2064,0.05158332500000107
RbH_mp-24721,0.0
RbI_mp-22903,0.0
RbI_mp-23302,0.029722924999997957
RbN3_mp-581833,0.019336026250000415
RbN3_mp-743,0.0
RbS_mp-558071,0.0018650299999998232
RbS_mp-9062,0.0
RbSb2_mp-568018,0.0
RbSe_mp-9063,0.0
RbTe_mp-9064,0.0004073541666649305
Rh2S3_mp-974381,0.0
RhF3_mp-2068,0.0
RuC_mp-1009792,0.4538444662500005
RuS2_mp-2030,0.0
RuSe2_mp-1922,0.0
Sb2Ir_mp-1247,0.0
Sb2Os_mp-2695,0.0
Sc2S3_mp-684969,0.0036904870000000756
Sc2Se3_mp-684690,0.03547904050000206
ScF3_mp-10694,0.00025103375000057326
ScF3_mp-559092,0.0019558299999999917
ScN_mp-1009750,0.3033325250000001
SiC_mp-11713,9.136636842210777e-05
SiC_mp-11714,0.0003009711184223107
SiC_mp-568619,0.0010180313684218234
SiC_mp-7140,0.004145862368421405
SiC_mp-7631,7.649035088874712e-06
SiC_mp-8062,0.00016855236842161503
SiO2_mp-546794,0.005647450555557043
SiO2_mp-6930,0.0006257044444453186
SiO2_mp-6947,0.19606366333333192
SiO2_mp-7000,0.0
SiOs_mp-2488,0.0
SiRu_mp-189,0.0
SiSn_mp-1009813,0.19199882250000044
SnC_mp-1009820,0.8178256637499999
SnF2_mp-7457,0.005851616250000191
SnF3_mp-8289,0.014627814687500518
SnI2_mp-978846,0.02481924444443928
SnO2_mp-856,0.0
SnSe_mp-2693,0.04118599874999873
Sr2Ge_mp-2576,0.0
Sr2Si_mp-1106,0.0
SrBr2_mp-567744,0.0012161111666664226
SrCl2_mp-23209,0.0
SrF2_mp-981,0.0
SrI2_mp-568284,0.0
SrO_mp-1009819,0.4153788699999996
SrO_mp-2472,0.0
SrO2_mp-2697,0.0
SrP_mp-7931,0.0
SrS_mp-10627,0.2996298049999986
SrS_mp-1087,0.0
SrSe_mp-2758,0.0
SrTe_mp-10653,0.24154789500000362
SrTe_mp-1958,0.0
Te2Mo_mp-602,0.0
Te2Ru_mp-267,0.0
TeO2_mp-8377,0.0
TeO3_mp-2552,0.02012155250000003
TePb_mp-19717,0.0
TiO2_mp-2657,0.009526375000000087
TlBr_mp-22875,0.0046403124999940815
TlBr_mp-568560,0.004668182499997897
TlCl_mp-23167,0.0013070874999989712
TlCl_mp-569639,0.006233657499997491
TlF_mp-2175,0.057131171250002666
TlI_mp-23197,0.020759689999998443
TlI_mp-571102,0.0
WN2_mp-999549,0.09415317354166675
ZrC_mp-1009894,0.6132527400000001
ZrO2_mp-1565,0.05567256666666509
ZrO2_mp-2574,0.027125123333330947
ZrO2_mp-2858,0.0
Y2Cl3_mp-27678,0.0
YN_mp-13099,0.24771123500000058
ZnCl2_mp-22909,0.0
ZnF2_mp-1873,0.0
ZnO_mp-1986,0.008068930000000307
ZnO_mp-2133,0.0
ZnO_mp-2229,0.14726733999999908
ZnS_mp-10281,0.0011312769642852771
ZnS_mp-10695,0.0001462457142853424
ZnS_mp-555410,0.0011271082142858546
ZnS_mp-555763,0.0015756040476198052
ZnS_mp-560588,0.003044368214284887
ZnSe_mp-1190,0.0
ZnSe_mp-380,0.004020032499999715
ZnTe_mp-2176,0.0
ZnTe_mp-8884,0.005251757499999954
Ag2GeS3_mp-9900,0.0
Ag2HgI4_mp-23485,0.0
Ag2HgI4_mp-570256,0.0012819771428582705
Ag2PbO2_mp-20210,0.005014135066670811
Ag2TeS3_mp-29163,0.0
AgAsF6_mp-37153,0.0
AgAuO2_mp-996983,0.0
AgBiS2_mp-29678,0.022255374583333598
Al2CdS4_mp-5928,0.0
Al2CdSe4_mp-3159,0.0
Al2CdTe4_mp-7909,0.0
Al2HgS4_mp-7906,0.0
Al2HgSe4_mp-3038,0.0
Al2HgTe4_mp-7910,0.0
Al2ZnSe4_mp-7907,0.0
Al2ZnTe4_mp-7908,0.0
BaPdS2_mp-4009,0.0
BaSeO3_mp-6989,0.0
BaSiF6_mp-5588,0.0
BaSnO3_mp-3163,0.0
BaSr2I6_mp-754212,0.014299300277778482
BaTeO3_mp-5431,0.0
BaTiF6_mp-8291,0.0
BaTiO3_mp-5020,4.09900000004626e-05
BaTiO3_mp-5986,0.001956574000002931
BaZnO2_mp-4236,0.0
BaZrN2_mp-3104,0.0
BaZrO3_mp-3834,7.172199999949669e-05
Be4TeO7_mp-27608,0.0
BeCN2_mp-15703,0.0029211112500000525
BeGeAs2_mp-1009088,0.0
BeSO4_mp-5046,0.0
BeSiAs2_mp-1009087,0.0
BeSiN2_mp-15704,0.0018080362500008107
BeSiP2_mp-1009085,0.0
BeSnAs2_mp-1009084,0.0
Bi(BO2)3_mp-23349,0.018676021999999293
Ba(MgAs)2_mp-8280,0.0
Ba(MgBi)2_mp-29209,0.0
Ba(MgP)2_mp-8278,0.0
Ba(MgSb)2_mp-9567,0.0
Ba(SbO3)2_mp-9127,0.0
Ba2AsAu_mp-861937,0.0
Ba2BiAu_mp-862947,0.0
Ba2H6Os_mp-697044,0.0
Ba2H6Ru_mp-697038,0.0
Ba2HfO4_mp-754363,0.0
Ba2HfS4_mp-9321,0.0
Ba2I2O_mp-551835,0.0
Ba2MgH6_mp-643370,0.0
Ba2NF_mp-1018096,0.010331257291667839
Ba2PCl_mp-27869,0.0
Ba2PbO4_mp-20098,0.0
Ba2SbAu_mp-862631,0.0
Ba2SnO4_mp-3359,0.0
Ba2ZnN2_mp-9307,0.0
Ba2ZrO4_mp-8335,0.0
Ba2ZrS4_mp-3813,0.0015515849999943043
Ba3BiN_mp-567666,0.0
Ba3In2O6_mp-20352,0.0
Ba3SbN_mp-12814,0.0
Ba3Zr2O7_mp-755895,0.0
Ba4As2O_mp-8300,0.0
Ba4Sb2O_mp-9774,0.0
BaB2F8_mp-558430,0.0
BaBrF_mp-23070,0.0
BaCaSn_mp-11265,0.0
BaClF_mp-23432,0.0
BaGeF6_mp-14006,0.0
BaHBr_mp-24424,0.0
BaHCl_mp-23861,0.0
BaHI_mp-23862,0.0
BaHfN2_mp-10322,0.0
BaHfO3_mp-998552,0.0
BaHgO2_mp-3915,0.0
BaIF_mp-22951,0.0
BaLiAs_mp-10616,0.0
BaLiF3_mp-10250,0.02190322000000222
BaLiH3_mp-23818,0.0
BaLiP_mp-10615,0.033289826666667466
BaLiP_mp-13277,0.0
BaLiSb_mp-10485,0.0
BaN3Cl_mp-569812,0.0
BaNaBi_mp-31235,0.0
BaNaP_mp-9732,0.0
BaNaSb_mp-961774,0.11864986177777626
BaPbF6_mp-19799,0.0
AlAgO2_mp-9631,0.0
AlAgS2_mp-5782,0.0
AlAgSe2_mp-14091,0.0
AlAgTe2_mp-14092,0.0
AlAsO4_mp-7849,0.013083061666660178
AlCuCl4_mp-28020,0.0
AlCuO2_mp-3098,0.0
AlCuO2_mp-3748,0.0003699362499993697
AlCuS2_mp-4979,0.0
AlCuSe2_mp-8016,0.0
AlCuTe2_mp-8017,0.0
AlGaN2_mp-1008556,0.014647899999999936
AlPO4_mp-7848,0.00673344055555436
AlSbO4_mp-676861,0.0
As2PbO6_mp-20015,0.0
BAsO4_mp-3277,0.0
BPO4_mp-3589,0.0
Ba(AgS)2_mp-8579,0.008285146999997828
Ba(BeN)2_mp-12927,0.0
Ba(CdP)2_mp-8279,0.0
Ba(CuO)2_mp-7374,0.0
Ba(GaTe2)2_mp-38117,0.0
BiSbO4_mp-23018,0.0
Ca(AsO3)2_mp-4555,0.0
Ca(BC)2_mp-10289,0.0
Ca(BeN)2_mp-11918,0.0
Ca(CdAs)2_mp-7067,0.0
Ca(CdP)2_mp-9570,0.0
Ca(MgAs)2_mp-9564,0.0
Ca(MgBi)2_mp-29208,0.0
Ca(MgSb)2_mp-9565,0.0
Ca(SbO3)2_mp-9125,0.0
Ca(ZnAs)2_mp-9571,0.0
Ca(ZnP)2_mp-9569,0.0
Ca2As2O7_mp-6929,0.0
Ca2AsI_mp-28554,0.0
Ca2BrN_mp-23009,0.0
Ca2IN_mp-28553,0.0
Ca2NCl_mp-22936,0.0
Ca2NF_mp-33588,0.030085143229166
Ca2PI_mp-23040,0.0
Ca2ZnN2_mp-8818,0.0
Ca3AsBr3_mp-27294,0.0
Ca3AsCl3_mp-28069,0.0
Ca3BN3_mp-30315,0.0
Ca3BiN_mp-31149,0.0
Ca3CdO4_mp-755287,0.0
Ca3PCl3_mp-29342,0.0
Ca3PN_mp-11824,0.0
Ca4As2O_mp-8789,0.0
Ca4Bi2O_mp-551873,0.0
Ca4P2O_mp-5380,0.0
Ca4Sb2O_mp-13660,0.0
CaCN2_mp-4124,0.0
CaCO3_mp-3953,0.0
CaCdO2_mp-753287,0.0
CaClF_mp-27546,0.0
CaGeN2_mp-7801,0.0
CaHCl_mp-23859,0.0
CaHN_mp-34932,0.0
CaHgO2_mp-7041,0.0
CaMg2N2_mp-5795,0.0
CaMoN3_mp-989635,0.0
CaPbF6_mp-20463,0.0
CaPdF4_mp-8161,0.0015133870833317076
CaPdF6_mp-7922,0.0
CaPtF6_mp-8255,0.0
CaSO4_mp-4406,0.0
CaSnF6_mp-4782,0.0
CaSnF6_mp-8224,0.0012966187500005333
CaSnO3_mp-4190,0.014870770500000852
CaTcN3_mp-989638,0.0
CaTiF6_mp-27315,0.0
CaWN3_mp-989616,0.0
Cd(AsO3)2_mp-7128,0.0
Cd(GaS2)2_mp-4452,0.0
Cd(GaSe2)2_mp-3772,0.0
Cd(GaTe2)2_mp-13949,0.0
Cd(InSe2)2_mp-22304,0.0
Cd(InSe2)2_mp-568032,0.0042484914285711994
Cd(InSe2)2_mp-568661,0.00271244000000026
Cd(InTe2)2_mp-21374,0.0
Cd(PtO2)3_mp-8212,0.0
Cd(SbO3)2_mp-8922,0.0
Cd3AsI3_mp-676464,0.0
CdAuO2_mp-997036,0.0
CdBiO3_mp-755478,0.0
CdCN2_mp-10969,0.0
CdCO3_mp-4385,0.0
CdGeP2_mp-3668,0.0
CdPbF6_mp-37216,0.0
CdPdF6_mp-13984,0.0
CdPtF6_mp-5858,0.0
CdSO4_mp-8459,0.0
CdSiAs2_mp-3078,0.0
CdSiP2_mp-4666,0.0
CdSnF6_mp-13907,0.0
CdSnO3_mp-754329,0.001071642000006534
CdSnP2_mp-5213,0.0
CoAsS_mp-4627,0.006707959166668331
Cs2As2Pd_mp-8857,0.0
Cs2CaF4_mp-15157,0.0
Cs2CaH4_mp-697133,0.0
Cs2GeCl6_mp-27882,0.0
Cs2GeF6_mp-8217,0.0
Cs2H6Pt_mp-643243,0.0
Cs2HfF6_mp-13948,0.0
Cs2HfI6_mp-29398,0.0
Cs2HgF4_mp-8963,0.0
Cs2HgO2_mp-7232,0.0
Cs2PbCl6_mp-23425,0.0
Cs2Pd3S4_mp-510268,0.0
Cs2PdF6_mp-504729,0.0
Cs2Pt3S4_mp-13992,0.0
Cs2PtBr6_mp-30062,0.0
Cs2PtC2_mp-505825,0.0
Cs2PtCl6_mp-23406,0.0
Cs2PtF6_mp-9262,0.0008704544444402273
Cs2PtI6_mp-23060,0.0
Cs2SeCl6_mp-27830,0.0
Cs2SiAs2_mp-573721,0.0
Cs2SiF6_mp-4047,0.0
Cs2SiP2_mp-8932,0.0
Cs2SnAs2_mp-8934,0.0
Cs2SnBr6_mp-641923,0.0
Cs2SnCl6_mp-608555,0.0
Cs2SnF6_mp-7297,0.0
Cs2TeBr6_mp-23405,0.0
Cs2TeCl6_mp-23465,0.0
Cs2TeI6_mp-540957,0.0
Cs2TiCl6_mp-27828,0.0
Cs2ZrCl6_mp-638729,0.0
Cs2ZrF6_mp-7903,0.0
Cs2ZrO3_mp-8759,0.0
Cs2ZrSe3_mp-9856,0.0
Cs3BAs2_mp-573658,0.0
Cs3BP2_mp-9675,0.0
Cs3TlF6_mp-561827,0.03872061699999918
Cs3YF6_mp-7618,0.03390358899999946
Cs4Sb2O5_mp-553374,0.0
CsAg3S2_mp-561902,0.0
CsAgCl2_mp-567558,0.0
CsAlO2_mp-14069,0.0
CsAsF4_mp-5707,0.0
CsAu3S2_mp-9384,0.0
CsAu3Se2_mp-9386,0.0
CsAuBr3_mp-569548,0.0
CsAuCl3_mp-23484,0.0
CsAuI3_mp-28453,0.0
CsAuO_mp-9986,0.0
CsAuSe_mp-574599,0.0
CsAuSe3_mp-567913,0.0
CsBeH3_mp-24341,0.0
CsBiF6_mp-27422,0.0
CsBiO2_mp-29506,0.0
CsBr2F_mp-28650,0.0
CsBrF_mp-22935,0.0
CsBrF6_mp-541226,0.0
CsBrO3_mp-28873,0.10251154300000209
CsCaBr3_mp-30056,0.0
CsCaF3_mp-7104,0.0
CsCaH3_mp-644203,0.012165698000002223
CsCdBr3_mp-541899,0.0
CsCdCl3_mp-568544,0.002633955999998605
CsCdF3_mp-8399,0.0
CsCu2Br3_mp-23017,0.0
CsCu3O2_mp-553303,0.0
CsCu3S2_mp-7786,0.0
CsCuO_mp-541037,0.0
CsCuO2_mp-553310,0.0
CsGaS2_mp-5038,0.0
CsGeCl3_mp-22988,0.0
CsGeI3_mp-28377,0.0
CsHO_mp-625136,0.0
CsHgF3_mp-561947,0.0
CsICl2_mp-22990,0.0
CsIO3_mp-28295,0.0
CsK2Sb_mp-581024,0.0
CsLaS2_mp-561586,0.0
CsLiCl2_mp-23364,0.009163351875001169
CsMgBr3_mp-29750,0.0
CsMgCl3_mp-23004,0.0
CsMgI3_mp-29751,0.0
CsNO2_mp-3288,0.0
CsNaS_mp-6973,0.0
CsNaSe_mp-8658,0.0
CsNaTe_mp-5339,0.0
CsNbN2_mp-8978,0.007791309687499748
CsPF6_mp-675011,0.0
CsPS3_mp-504838,0.0
CsPbF3_mp-20282,0.0
CsRb2Sb_mp-984761,0.002607079166668136
CsSbF6_mp-9636,0.0
CsSbO2_mp-510273,0.0
CsScO2_mp-754826,0.03574426656250296
CsSeBr3_mp-998413,0.05675691911764691
CsSnI3_mp-616378,0.01184399399999636
CsSnS3_mp-561710,0.0
CsSrBr3_mp-998297,0.02161265599999851
CsSrBr3_mp-998433,0.002299522999997805
CsTaN2_mp-34293,0.0
CsTeAu_mp-573755,0.0014171350000000693
CsYO2_mp-541044,0.0
Cu2HgI4_mp-23353,0.0
Cu2PbO2_mp-29396,0.009292152000000442
Cu2SiSe3_mp-15896,0.0
Cu4SnP10_mp-34126,0.0
CuBS2_mp-12954,0.0
CuBSe2_mp-983565,0.0
CuRhO2_mp-14116,0.0
FeSbS_mp-27904,0.0
Ga2HgS4_mp-4809,0.0
Ga2HgTe4_mp-16337,0.0
Ga2TeS2_mp-27255,0.0
Ga2TeSe2_mp-28423,0.0
GaAgO2_mp-11020,0.0
GaAgS2_mp-5342,0.0
GaAgSe2_mp-5518,0.0
GaCuI4_mp-29403,0.0
GaCuO2_mp-11019,0.0
GaCuO2_mp-4280,0.0003024687499983969
GaCuS2_mp-5238,0.0
GaCuTe2_mp-3839,0.0
GaPO4_mp-677335,0.007762330555555863
Fe(SiP)4_mp-9198,0.0
Ge2N2O_mp-4187,0.0018014144999982662
GePtSe_mp-20817,0.0
HfGeO4_mp-9755,0.0
HfNiSn_mp-924128,0.0
HfSiO4_mp-4609,0.0
HfSnPd_mp-11869,0.0
Hg(AsO3)2_mp-3810,0.0
Hg2GeSe4_mp-3167,0.0
KAgO_mp-3074,0.0
KAgSe_mp-16236,0.0
KAsF6_mp-7569,0.001004293750000329
KAuF6_mp-12442,0.0
KAuO2_mp-997002,0.0
KAuS_mp-7077,0.0
KAuSe_mp-9881,0.0
KAuSe2_mp-29138,0.0
KBaP_mp-961648,0.42270374367222363
KBiO2_mp-30988,0.0
KBrF4_mp-23550,0.0
KCaBi_mp-773137,0.0
KCaBr3_mp-998599,0.0
KCuO_mp-7911,0.0
KCuO2_mp-3982,0.0
KCuS_mp-28270,0.0
KCuTe_mp-7436,0.0
KGeBr3_mp-998612,0.0
KH2N_mp-24428,0.0
KHO_mp-626785,0.0
KHS_mp-38011,0.0025444999999981732
KHS_mp-634676,0.0
KInTe2_mp-19851,0.0
KLaO2_mp-7958,0.0
KLaS2_mp-15781,0.0
KLaTe2_mp-11739,0.0
KLi2As_mp-28994,0.0
KLiS_mp-8430,0.0
KLiSe_mp-8756,0.0
KLiTe_mp-4495,0.0
KMgF3_mp-3448,0.0
KMgH3_mp-23737,0.0
KMgSb_mp-7089,0.0
KNO3_mp-6920,0.002640953500000265
KNa2Sb_mp-15724,0.0
KNbO3_mp-4342,0.0011901640000004932
KNbO3_mp-7375,0.0
KNbS2_mp-7938,0.008580634375000784
KNbSe2_mp-7940,0.02904332362499673
KPS3_mp-8267,0.0
KSO4_mp-7622,0.14788049729167252
KSbO2_mp-10417,0.0
KSbO3_mp-547792,0.0
KSbS2_mp-11703,0.0
KScO2_mp-8188,0.0
KSnAs_mp-3481,0.0
KSnSb_mp-3486,0.0
KTaO3_mp-3614,0.0
KTlCl4_mp-27385,0.0
KTlO_mp-27716,0.0
KTlO2_mp-8175,0.0
In2Ge2O7_mp-5280,0.004291643295449177
In2HgSe4_mp-20731,0.0
In2HgTe4_mp-19765,0.0
InAgO2_mp-20329,0.0
InAgO2_mp-22660,0.00025061624999977994
InAgS2_mp-19833,0.0
InBO3_mp-7027,0.0
InCuTe2_mp-22261,0.0
InGaO3_mp-8098,0.0
InHO2_mp-504535,0.0
InPO4_mp-7566,0.0
InPS4_mp-20790,0.0
K2AgAs_mp-7642,0.0
K2AgBi_mp-27549,0.0
K2AgP_mp-9778,0.0
K2AgSb_mp-7643,0.0
K2AlF5_mp-9486,0.0
K2As2Pd_mp-8147,0.0
K2CN2_mp-10408,0.0
K2CuAs_mp-15684,0.0
K2CuP_mp-8446,0.0
K2CuSb_mp-10381,0.014839521607143524
K2GeAs2_mp-8930,0.0
K2GeF6_mp-7825,0.0
K2GeSe3_mp-9692,0.0
K2H4Pd_mp-643257,0.0
K2H6Pt_mp-643279,0.0
K2HgO2_mp-5860,0.0
K2MgCl4_mp-27207,0.0
K2MgF4_mp-31212,0.0
K2MgH4_mp-23956,0.0
K2NiP2_mp-9672,0.0
K2P2Pd_mp-7505,0.0
K2PAu_mp-9687,0.0
K2PdBr4_mp-27138,0.0
K2PdCl4_mp-22956,0.0
K2PdCl6_mp-23067,0.0
K2PdF6_mp-7979,0.0
K2PdO2_mp-540584,0.0
K2PtBr4_mp-27243,0.011648974285709102
K2PtBr6_mp-27691,0.0
K2PtC2_mp-976876,0.0
K2PtCl4_mp-22934,0.0
K2PtCl6_mp-23513,0.0
K2PtF6_mp-3821,0.0
K2PtS2_mp-7928,0.0
K2PtSe2_mp-8621,0.0
K2SeBr6_mp-23036,0.0
K2SiAs2_mp-6984,0.0
K2SiF6_mp-3042,0.002719897222222656
K2SiP2_mp-8235,0.0
K2Te2Pt_mp-8623,0.0
K2TeCl6_mp-569149,0.0
K2TeO3_mp-8724,0.0
K2Ti2O5_mp-28075,0.0
K2TiCl6_mp-27839,0.0
K2TiF6_mp-3970,0.0
K2TiO3_mp-13133,0.0
K2ZnF4_mp-9583,0.0
K2ZnO2_mp-8187,0.0
K2ZnTe2_mp-12535,0.0
K3Ag3As2_mp-14206,0.0
K3AuO_mp-9200,0.0
K3BP2_mp-9664,0.0
K3Cu3As2_mp-14205,0.0
K3Cu3P2_mp-7439,0.0
K3IO_mp-28171,0.0
K3InP2_mp-20256,0.0
K3NO3_mp-28111,0.0
K3NbO8_mp-14175,0.0
K3Sb2Au3_mp-9273,0.0
K3TaO8_mp-4690,0.01380451020833462
K3Zn2F7_mp-3125,0.0
K4BeAs2_mp-29584,0.0
K4BeP2_mp-9872,0.0
K4Br2O_mp-28627,0.0
K4CdAs2_mp-29585,0.0
K4CdP2_mp-28302,0.0
K4HgAs2_mp-29484,0.0
K4HgP2_mp-8753,0.0
K4I2O_mp-768368,0.0
K4ZnAs2_mp-571461,0.0
K4ZnP2_mp-11719,0.0
K5CuSb2_mp-27999,0.0008596814285706245
KYO2_mp-8409,0.0
KYTe2_mp-16763,0.0
KZnAs_mp-7421,0.0
KZnF3_mp-5878,0.0
KZnP_mp-7437,0.0
KZnSb_mp-7438,0.0
La2SO2_mp-4511,0.0
La2SeO2_mp-7233,0.0
La2TeO2_mp-4547,0.0
LaAgO2_mp-753260,0.0
LaAgO2_mp-754535,0.0002766475000015589
LaAlO3_mp-2920,0.0002731970000020567
LaBrO_mp-23023,0.0
LaClO_mp-23025,0.0
LaCoN3_mp-989643,0.0
LaCuO2_mp-20072,0.017472383750028797
LaHO2_mp-626724,0.0
LaNbO4_mp-5295,0.00031996583333260276
LaOF_mp-7100,9.399500000029093e-05
LaSF_mp-5394,0.0
LaSO_mp-28626,0.0
LaSeF_mp-7738,0.0
Li2PbO3_mp-22450,0.0
Li2PdO2_mp-7608,0.0
Li2SiO3_mp-5012,0.0
Li2ZrF6_mp-4002,0.004588797222222496
Li2ZrN2_mp-3216,0.0
Li2ZrO3_mp-4156,0.0
Li3AuS2_mp-15999,0.0
Li3LaP2_mp-8407,0.0
Li3LaSb2_mp-8405,0.0
Li3NbS4_mp-755309,0.007749648684209909
Li3VS4_mp-760375,0.0
Li2CN2_mp-9610,0.0
Li2CO3_mp-3054,0.0
Li2CuSb_mp-15988,0.022338662499999273
Li2GeO3_mp-15349,0.0
Li4NCl_mp-29149,0.0
Li5Br2N_mp-29025,0.0
Li5NCl2_mp-29151,9.383750000147018e-06
Li5ReO6_mp-5061,0.0
Li5SbO5_mp-29364,0.0
Li5TaO5_mp-755013,0.0
LiAg3O2_mp-27227,0.0
LiAgO_mp-772290,0.0
LiAgO2_mp-996962,0.0
LiAgO2_mp-996997,0.004365755000000249
LiAlO2_mp-3427,0.01406045374999998
LiAlTe2_mp-4586,0.0
LiAsF6_mp-9144,0.0
LiAsO3_mp-9657,0.0
LiAsS2_mp-555874,0.0
LiAuO2_mp-996959,0.0
LiBC_mp-9244,0.0
LiBeAs_mp-9562,0.0
LiBeN_mp-29463,0.0
LiBeP_mp-9915,0.0
LiBeSb_mp-9575,0.017806530000000098
LiBiF6_mp-27419,0.0
LiBiS2_mp-33526,0.013500853749999209
LiCaAs_mp-961684,0.08827888083333235
LiCaN_mp-31468,0.0
LiCaSb_mp-16264,0.0
LiCoS2_mp-753946,0.0
LiCuF2_mp-753098,0.04524809624999904
LiCuO_mp-5127,0.0
LiCuO2_mp-9158,0.0
LiGaTe2_mp-5048,0.0
LiGe2N3_mp-1020059,0.0
LiYS2_mp-15788,0.0
LiYSe2_mp-15794,0.0
LiZnAs_mp-9124,0.0
LiZnN_mp-7575,0.0
LiZnP_mp-10182,0.0
LiZnP_mp-961698,0.13252738333333358
LiZnSb_mp-9919,0.0
Mg(AlC)2_mp-9514,0.00795041225000137
Mg(BeAs)2_mp-865185,0.0
Mg(BeN)2_mp-11917,0.0
Mg(InTe2)2_mp-35777,0.004781954285715262
Mg(PtO2)3_mp-8208,0.0
LiInO2_mp-5488,0.0
LiInSe2_mp-20187,0.0
LiInTe2_mp-20782,0.0
LiMgAs_mp-12558,0.0
LiMgBi_mp-570213,0.0
LiMgN_mp-37906,0.0
LiMgP_mp-36111,0.0
LiMgP_mp-961683,0.3401053700000003
LiNO3_mp-8180,0.0
LiNbO2_mp-3924,0.0
LiNbO3_mp-3731,0.0
LiNbS2_mp-7936,0.0
LiPF6_mp-9143,0.0
LiPN2_mp-3524,0.0
LiRhO2_mp-14115,0.0
LiSbF6_mp-3980,0.0
LiSbO3_mp-770932,0.016233930500000326
LiScO2_mp-5840,0.0
LiSi2N3_mp-5853,0.0
LiTaO3_mp-3666,0.0
Mg2As2O7_mp-5618,0.0
Mg2FeH6_mp-23804,0.0
Mg2H6Os_mp-643002,0.0
Mg2H6Ru_mp-697030,0.0
Mg2P2O7_mp-5427,0.0026836325000001438
Mg3NF3_mp-7604,0.0
MgCN2_mp-9166,0.0
MgCO3_mp-5348,0.0
MgMoN2_mp-864954,0.0
MgPbF6_mp-19734,0.0
MgPdF6_mp-7921,0.0
MgSO4_mp-7572,0.0
MgSiP2_mp-2961,0.0
MgSnAs2_mp-1009082,0.0
MgTiO3_mp-3771,0.0
Na2AgAs_mp-8411,0.0
Na2AgSb_mp-7392,0.0
Na2AsAu_mp-7773,0.0
Na2CN2_mp-541989,0.0
Na2CO3_mp-3070,0.002481299652778546
NaAg3O2_mp-27303,0.0
NaAgO_mp-6983,0.0
NaAgO2_mp-754326,0.0
NaAlTe2_mp-10163,0.0
NaAuO2_mp-997089,0.0
NaBeAs_mp-9573,0.0
NaBiF6_mp-27420,0.0
NaBiO2_mp-22984,0.0
NaBiO3_mp-23054,0.0
NaBiS2_mp-675531,0.02398949500000036
NaBiSe2_mp-35015,0.045875086250000585
NaCaAs_mp-961685,0.0
NaCdF3_mp-4360,0.0
NaCuO_mp-7469,0.0
NaCuO2_mp-997041,0.012695015000000254
NaHS_mp-36582,0.0019413449999996502
NaHS_mp-634657,0.0
NaInO2_mp-5175,0.0
NaInS2_mp-20289,0.0
NaInSe2_mp-22473,0.0
NaInTe2_mp-22483,0.0
NaLaO2_mp-755586,0.0
NaLaS2_mp-675230,0.0
NaLi2Sb_mp-5077,0.0
NaLiS_mp-8452,0.0
NaLiSe_mp-28603,0.0
NaMgAs_mp-5962,0.0
NaMgSb_mp-7090,0.0
NaNO2_mp-2964,0.01814911703125066
NaNO3_mp-4531,0.0
NaNbN2_mp-7017,0.013381012343749887
NaNbO2_mp-3744,0.0
NaNbO3_mp-4514,0.0
NaNbS2_mp-7937,0.0
NaNbSe2_mp-7939,0.0
NaPF6_mp-10474,0.0
NaPN2_mp-10572,0.0
NaRhO2_mp-8830,0.0
NaSbF6_mp-5955,0.0
NaSbO2_mp-754368,0.0007256063750000763
NaSbO3_mp-4482,0.0
NaSbS2_mp-5414,0.0
NaScO2_mp-7914,0.0
NaSnP_mp-29529,0.0
NaSrAs_mp-9775,0.0
NaSrP_mp-13275,0.0
NaTaN2_mp-5475,0.0
NaTlO2_mp-3056,0.0
NaYS2_mp-10226,0.0
NaZnAs_mp-13097,0.0
NaZnP_mp-4824,0.0
Nb3Sb2Te5_mp-569571,0.0
NbBO4_mp-8615,0.0
Na2CuAs_mp-15685,0.0
Na2CuP_mp-7639,0.0
Na2GeO3_mp-5784,0.0
Na2H4Pd_mp-643260,0.0
Na2H4Pt_mp-697096,0.0
Na2H6Pt_mp-690785,0.0
Na2Hf2O5_mp-865500,0.022658632222221087
Na2HgO2_mp-4961,0.0
Na2Pd3O4_mp-27562,0.0
Na2PdS2_mp-10223,0.0
Na2PtO2_mp-22313,0.0
Na2PtS2_mp-10246,0.0
Na2PtSe2_mp-14588,0.0
Na2SbAu_mp-7774,0.0
Na2SiO3_mp-4533,0.0
Na2TlSb_mp-866132,0.0
Na2ZnS2_mp-8257,0.006763737800000058
Na2ZrSe3_mp-7219,0.0
Na3AlP2_mp-5122,0.0
Na3BrO_mp-985586,0.0
Na3ClO_mp-28602,0.012537480000000656
Na3HfF7_mp-34579,0.015568496363636442
Na3SbS4_mp-10167,0.0
Na3SbSe4_mp-8703,0.0
Na3YCl6_mp-675104,0.002902338000000171
Na4Br2O_mp-28599,0.0027057542857118477
Na4CdP2_mp-8752,0.0
Na4HgP2_mp-28591,0.0
Na4I2O_mp-22937,0.0
Na5BiO5_mp-760400,0.0
NbCu3S4_mp-5621,0.0
NbCu3Se4_mp-4043,0.0
NbCu3Te4_mp-991676,0.0
NbFeSb_mp-9437,0.0
NbInO4_mp-9595,0.0
NbNO_mp-7596,0.0
NbSbRu_mp-505297,0.0
PHN2_mp-35220,0.003615980625001569
PNO_mp-36066,0.0030120116666667585
PNO_mp-753671,0.0
Rb2As2Pt_mp-13445,0.0
Rb2GeF6_mp-8812,0.004997247777775549
Rb2GeSe3_mp-9794,0.0
Rb2H6Pt_mp-643101,0.0
Rb2HfF6_mp-13947,0.0
Rb2HgF4_mp-8962,0.0
Rb2HgO2_mp-5072,0.0
Rb2MgF4_mp-8861,0.0
Rb2PbCl6_mp-23475,0.0
Rb2Pd3S4_mp-11695,0.0
Rb2PdBr6_mp-28084,0.0
Rb2PdC2_mp-10918,0.05310481912500098
Rb2PdCl6_mp-28145,0.0
Rb2PdF6_mp-14088,0.0
Rb2PtC2_mp-10919,0.0
Rb2PtCl6_mp-23350,0.0
Rb2PtF6_mp-8192,0.0
Rb2PtI6_mp-28110,0.0
Rb2PtS2_mp-7929,0.0
Rb2PtSe2_mp-8622,0.0
Rb2SeCl6_mp-27829,0.0
Rb2SiAs2_mp-6960,0.0
Rb2SiF6_mp-10492,0.0
Rb2SiS3_mp-12016,0.0
Rb2Sn2O3_mp-7863,0.0
Rb2SnAs2_mp-8931,0.0
Rb2SnBr6_mp-569028,0.0
Rb2SnCl6_mp-23059,0.0
Rb2TeBr6_mp-570324,0.0
Rb2TeCl6_mp-22975,0.0
Rb2TiCl6_mp-27827,0.0
Rb2ZrCl6_mp-27831,0.0
Rb2ZrF6_mp-13946,0.0
Rb3AuO_mp-4405,0.0
Rb3BAs2_mp-9718,0.0
Rb3BP2_mp-9720,0.0
Rb3Sb2Au3_mp-9274,0.0
Rb4Br2O_mp-30004,0.0015706371428581
Rb4I2O_mp-760417,0.0
RbAg3Te2_mp-10481,0.0
RbAlF4_mp-5479,0.0010009618333279846
RbAlO2_mp-14070,0.0
RbAu3Se2_mp-9385,0.0
RbAuBr3_mp-27300,0.0
RbAuCl4_mp-569442,0.0
RbAuF4_mp-3419,0.0
RbAuI3_mp-568666,0.0
RbAuO_mp-10547,0.0
RbAuO2_mp-7472,0.0
RbAuS_mp-9010,0.0
RbAuSe_mp-9731,0.0
RbBiF6_mp-27421,0.0
RbBiO2_mp-29521,0.0
RbBiS2_mp-30041,0.0
RbBrO3_mp-28872,0.0
RbCaAs_mp-9845,0.0
RbCaBr3_mp-998198,0.024241247500000007
RbCaF3_mp-3654,0.0
RbCaH3_mp-23949,0.017971985999999607
RbCaSb_mp-9846,0.0
RbCdF3_mp-6951,0.0
RbCu3S2_mp-10985,0.0065141591666675325
RbCuO_mp-7470,0.0
RbCuO2_mp-7467,0.0
RbGaO2_mp-754596,0.0
RbGeCl3_mp-27369,0.0
RbH2N_mp-697144,0.0
RbH3O2_mp-28264,0.0
RbHO_mp-626620,0.0
RbHS_mp-696804,0.0
RbHgF3_mp-7482,0.0
RbIO3_mp-27193,0.0
RbInTe2_mp-22255,0.0
RbLaO2_mp-7972,0.0
RbLaS2_mp-9361,0.0
RbLaSe2_mp-7176,0.0
RbLiBr2_mp-28237,0.004808562500000058
RbLiCl2_mp-28243,0.004606494999999544
RbLiS_mp-8751,0.0
RbLiSe_mp-9250,0.0
RbMgF3_mp-8402,0.0
RbNO2_mp-752580,0.01165747026041597
RbNO3_mp-13658,0.017548982999999296
RbNO3_mp-752446,0.021033902000000104
RbNaS_mp-8799,0.0
RbPS3_mp-556953,0.0
RbPbBr3_mp-998603,0.0
RbPbCl3_mp-998604,0.0
RbSbF6_mp-9821,0.0
RbSbO2_mp-10418,0.0
RbScO2_mp-7650,0.0
RbScO2_mp-8145,0.002928738750000548
RbSnCl3_mp-998156,0.022738519999999873
RbTcO4_mp-975115,0.0
RbTeAu_mp-9008,0.0
RbTlO2_mp-8176,0.0
ScAgO2_mp-11022,0.0
ScAgO2_mp-973185,9.085124999863581e-05
ScAgSe2_mp-12908,0.002404337812501822
ScAsO4_mp-546125,0.0
ScBO3_mp-8697,0.0
ScCoTe_mp-961678,0.00890298777777776
ScCuO2_mp-3642,0.008760842343750852
ScCuO2_mp-4636,0.009218289843749616
ScCuS2_mp-6980,0.0
ScNbO4_mp-553961,0.0
ScNiBi_mp-30459,0.0
ScNiP_mp-961675,0.16880292916666573
ScNiSb_mp-3432,0.0
ScPO4_mp-4200,0.0
ScSbPd_mp-569779,0.0
ScSbPt_mp-7173,0.0
ScSnAu_mp-2894,0.0
ScTaO4_mp-558781,0.0
Si2N2O_mp-4497,0.0
Si3NiP4_mp-8311,0.0
Si4P4Ru_mp-14983,0.0
RbYO2_mp-14437,0.0
RbYTe2_mp-16764,0.0
RbZn4P3_mp-975140,0.0
SbIrS_mp-8630,0.0
SbIrS_mp-9270,0.0027507966666640016
Sc2Si2O7_mp-5594,0.0
Sc2Ti2O7_mp-753802,0.012158392727275924
Sc2TiO5_mp-753401,0.0
Sn(HgSe2)2_mp-10955,0.0
SnHgF6_mp-36508,0.0
Sr(AlTe2)2_mp-37091,0.0
Sr(AsO3)2_mp-754118,0.0014414322222222609
Sr(BeN)2_mp-11919,0.0
Sr(CdP)2_mp-8277,0.0
Sr(CuO)2_mp-13900,0.015367509999995477
Sr(Li2P)2_mp-570097,0.0
Sr(MgSb)2_mp-9566,0.0
Sr(SbO3)2_mp-9126,0.0
Sr(ZnAs)2_mp-7770,0.0
Sr(ZnP)2_mp-8276,0.0
Sr2BiAu_mp-867193,0.0
Sr2BrN_mp-23056,0.0
Sr2CaI6_mp-754710,0.0408317136111096
Sr2H5Rh_mp-35152,0.0
Sr2H6Ru_mp-24292,0.0
Sr2I2O_mp-551203,0.0
Sr2IN_mp-569677,0.0
Sr2NCl_mp-23033,0.0
Sr2PdO3_mp-4359,0.0
Sr2SnHg_mp-867169,0.0
Sr2TiO4_mp-5532,0.0
Sr2ZnN2_mp-9306,0.0
Sr3BiN_mp-570008,0.0
Sr3SbN_mp-7752,0.0
Sr3Ti2O7_mp-3349,0.0
Sr4As2O_mp-8299,0.0
Sr4P2O_mp-8298,0.0
Sr4Sb2O_mp-755293,0.0
SrAgO2_mp-997086,0.0
SrBe3O4_mp-27791,0.0
SrBrF_mp-23024,0.0
SrCN2_mp-12317,0.0005066674999998355
SrCa2I6_mp-754517,0.032608501111111465
SrCaGe_mp-12418,0.0
SrCaPb_mp-21166,0.0
SrClF_mp-22957,0.0
SrHBr_mp-24423,0.0
SrHCl_mp-23860,0.0
SrHfN2_mp-9383,0.03128223749999748
SrHfO3_mp-13109,0.0019199859999829982
SrLiBi_mp-30456,0.0
SrLiN_mp-29754,0.0
SrLiP_mp-10614,0.07964238666666645
SrLiP_mp-13276,0.0
SrMg2N2_mp-10550,0.0
SrPdF4_mp-12622,0.0
SrSeO3_mp-3395,0.0
SrTiN2_mp-9517,0.0
SrTiO3_mp-4651,0.0
SrWN3_mp-989513,0.018614444000000674
SrWN3_mp-989625,0.0
SrZnF4_mp-5078,0.01824190583333163
SrZrN2_mp-9382,0.007313204999999101
Ta3O7F_mp-753747,0.0
TaAlO4_mp-14333,0.010726283750001286
TaCu3S4_mp-10748,0.0
TaCu3Se4_mp-4081,0.0
TaCu3Te4_mp-9295,0.0
TaInO4_mp-8979,0.0
TaNO_mp-4165,0.0
TaSbRu_mp-31454,0.0
Ti(CuS)4_mp-29091,0.0
TlPO4_mp-13676,0.0
TlPd3O4_mp-5478,0.0
TiBi2O5_mp-752676,0.0
TiCdF6_mp-623024,0.0
TiCdO3_mp-13641,0.0
TiCoSb_mp-5967,0.0
TiFe2Si_mp-866141,0.0
TiFeSe_mp-961660,0.19599215250000146
TiFeTe_mp-961673,0.0
TiGePt_mp-1008680,0.0
TiNiSn_mp-924130,0.0
TiPbO3_mp-20459,0.0
TiSiPd_mp-961659,0.1969092074999974
TiSiPt_mp-961706,0.06032826083333376
TiSnPd_mp-961682,0.0
TiSnPt_mp-30847,0.0
TiTeOs_mp-961646,0.24890951499999758
Tl3AsSe3_mp-7684,0.0
VCu3S4_mp-3762,0.0
VCu3Se4_mp-21855,0.0
VCu3Te4_mp-991652,0.0
Y2SO2_mp-12894,0.0
Y2SeO2_mp-752658,0.0
Y2Si2O7_mp-5652,0.012987350075766457
Y2TeO2_mp-755756,0.0
YAgO2_mp-30250,0.0
YAgSe2_mp-676284,0.041220112499998685
YAgTe2_mp-12903,0.0
YAsO4_mp-8058,0.0
YAuO2_mp-30251,0.0012347868229127812
YClO_mp-27985,0.046771586666665144
YCuO2_mp-2918,0.01772858140625111
YCuO2_mp-6972,0.018426162656250966
YCuSe2_mp-675902,0.013426475937500015
YHO2_mp-626151,0.0
YHO2_mp-754117,0.033221422500000486
YHSe_mp-28797,0.0
YNiBi_mp-30460,0.0
YNiP_mp-961657,0.29980118666666655
YNiSb_mp-11520,0.0
VFeSb_mp-567636,0.0
YOF_mp-10219,0.017664245000000633
YOF_mp-3637,0.0
YPO4_mp-5132,0.0
YSF_mp-10086,0.0
YTaO4_mp-5377,0.0
YWN3_mp-989407,0.03858218250000078
Zn(GaS2)2_mp-5350,0.0
Zn(GaSe2)2_mp-15776,0.0
Zn(GaTe2)2_mp-15777,0.0
Zn(InSe2)2_mp-22607,0.0
Zn(InSe2)2_mp-34169,0.00028734142857267386
Zn(InTe2)2_mp-20832,0.0
Zn(PtO2)3_mp-8207,0.0
ZnCO3_mp-9812,0.0
ZrCoBi_mp-31451,0.0
ZrFeTe_mp-961649,0.06655003333333642
ZrGeO4_mp-8042,0.0
ZrInAu_mp-961693,0.0
ZrNiSn_mp-924129,0.0
ZrSO_mp-3519,0.0
ZrSiO4_mp-4820,0.0
ZrSiPd_mp-961661,0.24663938833333177
ZrSiPt_mp-961711,0.14721340666666904
ZrSnPd_mp-961687,0.0
ZrSnPt_mp-961713,0.0
ZrZnN2_mp-1014244,0.0
ZnGeN2_mp-2979,0.0
ZnGeP2_mp-4524,0.0
ZnPbF6_mp-13610,0.0
ZnPdF6_mp-13983,0.0
ZnPtF6_mp-8256,0.0
ZnSiAs2_mp-3595,0.0
ZnSiP2_mp-4763,0.0
ZnSnF6_mp-13903,0.0
ZnSnP2_mp-4175,0.0
Zr2SN2_mp-11583,0.0
Zr2SN2_mp-553875,0.010828637999999557
